source_field,source_number,source_id,ra_deg,dec_deg,peak_flux,snr,noise_level,peak_x_pix,peak_y_pix,npix
G008.672-00.682,4123,G008.672-00.682_4123,271.89562688804307,-21.79004976180654,0.0003712140314746648,15.457079901696158,2.401579301106739e-05,67,0,203
G008.672-00.682,4188,G008.672-00.682_4188,271.8956795388137,-21.790049759095655,0.002643988002091646,110.09372044775687,2.401579301106739e-05,23,0,516
G008.872-00.492,3750,G008.872-00.492_3750,271.8223756495735,-21.522999865306563,0.0002420753735350445,10.061264386144318,2.4060134416944064e-05,55,0,84
G008.872-00.492,4292,G008.872-00.492_4292,271.8224353693685,-21.52299986226123,0.0007694862433709204,31.981793203491783,2.4060134416944064e-05,5,0,7
G008.872-00.492,4301,G008.872-00.492_4301,271.82238520474067,-21.522999864820743,0.002668817527592182,110.92280206517462,2.4060134416944064e-05,47,0,138
G008.872-00.492,4422,G008.872-00.492_4422,271.82227532031783,-21.52299987037494,0.0005708859534934163,23.727463180395894,2.4060134416944064e-05,139,0,188
G009.213-00.202,973,G009.213-00.202_973,271.72873786484536,-21.08231109801302,0.00035445374669507146,14.759956372334395,2.4014552465713826e-05,6,0,8
G009.213-00.202,985,G009.213-00.202_985,271.7287414373024,-21.08231109783377,0.0005988679477013648,24.93771010541976,2.4014552465713826e-05,3,0,5
G009.213-00.202,986,G009.213-00.202_986,271.72857353181956,-21.082311106177684,0.0011949313338845968,49.75863429437754,2.4014552465713826e-05,144,0,174
G009.213-00.202,2191,G009.213-00.202_2191,271.72866522488465,-21.082311101641526,0.0002551707439124584,10.625671424723489,2.4014552465713826e-05,67,0,75
G009.213-00.202,2405,G009.213-00.202_2405,271.72859139410497,-21.08231110529788,0.00039197562728077173,16.322420658906932,2.4014552465713826e-05,129,0,192
G009.213-00.202,3540,G009.213-00.202_3540,271.72870928518864,-21.08231109944431,0.0002976891410071403,12.396197740189349,2.4014552465713826e-05,30,0,90
G009.213-00.202,3844,G009.213-00.202_3844,271.72870690355063,-21.082311099563377,0.00024239711638074368,10.093759470505232,2.4014552465713826e-05,32,0,94
G009.213-00.202,4321,G009.213-00.202_4321,271.72841515288894,-21.082311113896893,0.0008303886279463768,34.57855936028553,2.4014552465713826e-05,277,0,402
G009.213-00.202,4361,G009.213-00.202_4361,271.72846040401197,-21.082311111706368,0.0007406483637169003,30.841647570752876,2.4014552465713826e-05,239,0,334
G009.213-00.202,4408,G009.213-00.202_4408,271.72853423479165,-21.08231110810667,0.00043798069236800075,18.23813677116476,2.4014552465713826e-05,177,0,269
G009.213-00.202,6329,G009.213-00.202_6329,271.72869499536034,-21.082311100158176,0.00042486959137022495,17.69217194352557,2.4014552465713826e-05,42,0,151
G009.879-00.751,2693,G009.879-00.751_2693,272.58785878035434,-20.767688520048647,0.0011735870502889156,50.74409904035763,2.3127557144241387e-05,57,0,374
G009.879-00.751,3134,G009.879-00.751_3134,272.5864922107888,-20.767688581744178,0.0010442077182233334,45.1499357113613,2.3127557144241387e-05,1207,0,1222
G009.879-00.751,4427,G009.879-00.751_4427,272.587861156997,-20.767688519931937,0.00029373556026257575,12.700673851138403,2.3127557144241387e-05,55,0,128
G009.879-00.751,4498,G009.879-00.751_4498,272.58776133800257,-20.76768852480547,0.0003484786720946431,15.067681810113355,2.3127557144241387e-05,139,0,276
G009.879-00.751,5517,G009.879-00.751_5517,272.5878373905698,-20.76768852109754,0.00046495243441313505,20.103828152421418,2.3127557144241387e-05,75,0,125
G009.879-00.751,6169,G009.879-00.751_6169,272.58778748107255,-20.767688523534634,0.00031535938614979386,13.635654824371121,2.3127557144241387e-05,117,0,161
G009.879-00.751,6250,G009.879-00.751_6250,272.58771855843355,-20.767688526876498,0.0003637020126916468,15.72591564354674,2.3127557144241387e-05,175,0,203
G009.879-00.751,7965,G009.879-00.751_7965,272.58777084457347,-20.767688524343807,0.00023888333817012608,10.328948132319564,2.3127557144241387e-05,131,0,138
G010.404-00.201_eb1,2743,G010.404-00.201_eb1_2743,272.34467232271885,-20.04225005796607,0.00036956300027668476,17.900726638960307,2.0645139592956175e-05,241,0,266
G010.404-00.201_eb1,2804,G010.404-00.201_eb1_2804,272.34487575357116,-20.042250048444735,0.0003835194220300764,18.576741528109004,2.0645139592956175e-05,69,0,151
G010.404-00.201_eb1,3131,G010.404-00.201_eb1_3131,272.344949083297,-20.04225004495563,0.0003175994788762182,15.383740925858335,2.0645139592956175e-05,7,0,22
G010.404-00.201_eb1,3140,G010.404-00.201_eb1_3140,272.3449384386594,-20.042250045463994,0.00039350937004201114,19.060630143487664,2.0645139592956175e-05,16,0,41
G010.404-00.201_eb1,5192,G010.404-00.201_eb1_5192,272.3447492006572,-20.042250054395208,0.00028256967198103666,13.686982871137639,2.0645139592956175e-05,176,0,208
G011.082-00.534_eb1,5240,G011.082-00.534_eb1_5240,273.0025766924916,-19.60901088041377,0.0016250419430434704,77.11579784119256,2.107275018265362e-05,56,0,717
G011.082-00.534_eb1,6031,G011.082-00.534_eb1_6031,273.00259202622055,-19.609010879700467,0.0008759427000768483,41.56755489835849,2.107275018265362e-05,43,0,234
G011.082-00.534_eb1,6156,G011.082-00.534_eb1_6156,273.00252361419894,-19.60901088287286,0.0007746886112727225,36.762577478397674,2.107275018265362e-05,101,0,206
G011.082-00.534_eb1,7979,G011.082-00.534_eb1_7979,273.00262977078415,-19.609010877939145,0.00032142872805707157,15.253288027001851,2.107275018265362e-05,11,0,184
G011.917-00.612,843,G011.917-00.612_843,273.49871152796214,-18.91371917471279,0.000385019404347986,11.856982847107885,3.2471954232597935e-05,439,0,691
G011.917-00.612,3714,G011.917-00.612_3714,273.49893116440194,-18.913719165253134,0.0008797486079856753,27.09256737934527,3.2471954232597935e-05,252,0,283
G011.917-00.612,3875,G011.917-00.612_3875,273.49921657432117,-18.913719152575055,0.0003579449839890003,11.023204252661413,3.2471954232597935e-05,9,0,12
G011.917-00.612,3891,G011.917-00.612_3891,273.4991989564249,-18.913719153370284,0.0006046901107765734,18.621919285952224,3.2471954232597935e-05,24,0,61
G011.917-00.612,3892,G011.917-00.612_3892,273.49922362147964,-18.913719152256505,0.0011672981781885028,35.94788813223553,3.2471954232597935e-05,3,0,9
G011.917-00.612,3893,G011.917-00.612_3893,273.49922362147964,-18.913719152256505,0.0005594099638983607,17.227480671205814,3.2471954232597935e-05,3,0,8
G011.917-00.612,3900,G011.917-00.612_3900,273.4992200979004,-18.913719152415812,0.0007078183116391301,21.797835343355025,3.2471954232597935e-05,6,0,7
G011.917-00.612,3903,G011.917-00.612_3903,273.4991320084191,-18.913719156376946,0.006358042825013399,195.80105279375792,3.2471954232597935e-05,81,0,1890
G011.917-00.612,3908,G011.917-00.612_3908,273.49922362147964,-18.913719152256505,0.0004841662012040615,14.910288359485827,3.2471954232597935e-05,3,0,5
G011.917-00.612,3932,G011.917-00.612_3932,273.49922244695324,-18.91371915230961,0.0008378208731301129,25.801368994571984,3.2471954232597935e-05,4,0,8
G011.917-00.612,4602,G011.917-00.612_4602,273.4992153997947,-18.91371915262812,0.00043616112088784575,13.431933223470502,3.2471954232597935e-05,10,0,178
G011.917-00.612,4643,G011.917-00.612_4643,273.4991813385286,-18.91371915416383,0.00032486236887052655,10.004398458544383,3.2471954232597935e-05,39,0,177
G011.917-00.612,5090,G011.917-00.612_5090,273.49877025428293,-18.913719172208765,0.0008155858959071338,25.116624951644695,3.2471954232597935e-05,389,0,459
G011.917-00.612,5525,G011.917-00.612_5525,273.49907093304546,-18.913719159098985,0.001398121123202145,43.05626674598474,3.2471954232597935e-05,133,0,440
G011.917-00.612,6196,G011.917-00.612_6196,273.49908972546814,-18.91371915826355,0.0003505930071696639,10.796794201493137,3.2471954232597935e-05,117,0,230
G011.917-00.612,6325,G011.917-00.612_6325,273.4988794852396,-18.913719167502173,0.0022210211027413607,68.39813479755779,3.2471954232597935e-05,296,0,560
G011.917-00.612,6331,G011.917-00.612_6331,273.4990263010417,-18.913719161075534,0.0022467621602118015,69.19085140728373,3.2471954232597935e-05,171,0,389
G011.917-00.612,6355,G011.917-00.612_6355,273.49922127242684,-18.91371915236272,0.00035708770155906677,10.996803549340855,3.2471954232597935e-05,5,0,6
G011.917-00.612,6359,G011.917-00.612_6359,273.49922244695324,-18.91371915230961,0.00038756534922868013,11.935387271506166,3.2471954232597935e-05,4,0,27
G011.917-00.612,6374,G011.917-00.612_6374,273.49922244695324,-18.91371915230961,0.00046636670595034957,14.362138558392445,3.2471954232597935e-05,4,0,7
G012.908-00.259,1836,G012.908-00.259_1836,273.6732056115166,-17.874769067239665,0.0004034512385260314,13.282562992718983,3.0374502176062606e-05,68,0,128
G012.908-00.259,1882,G012.908-00.259_1882,273.67311221431237,-17.874769071180616,0.0007369236554950476,24.26125871046535,3.0374502176062606e-05,148,0,190
G012.908-00.259,1899,G012.908-00.259_1899,273.6725646732028,-17.874769093390118,0.0019247415475547314,63.36701541306486,3.0374502176062606e-05,617,0,722
G012.908-00.259,1927,G012.908-00.259_1927,273.67323246321286,-17.87476906609843,0.00043328144238330424,14.264643412814932,3.0374502176062606e-05,45,0,122
G012.908-00.259,2367,G012.908-00.259_2367,273.6731554105193,-17.874769069363456,0.0004084418178535998,13.446864593405014,3.0374502176062606e-05,111,0,134
G012.908-00.259,2377,G012.908-00.259_2377,273.6731028745919,-17.874769071572246,0.0004195293877273798,13.81189345246292,3.0374502176062606e-05,156,0,363
G012.908-00.259,4149,G012.908-00.259_4149,273.6718431798013,-17.874769120322416,0.0021573882550001144,71.0262918053781,3.0374502176062606e-05,1235,0,1640
G012.908-00.259,5418,G012.908-00.259_5418,273.6731904344709,-17.874769067883086,0.0003143856883980334,10.35031575417203,3.0374502176062606e-05,81,0,136
G012.908-00.259,5598,G012.908-00.259_5598,273.673105209522,-17.874769071474386,0.0015674646710976958,51.60462094200102,3.0374502176062606e-05,154,0,227
G012.908-00.259,5600,G012.908-00.259_5600,273.67327215702466,-17.87476906440464,0.0003096347500104457,10.19390369645173,3.0374502176062606e-05,11,0,29
G012.908-00.259,5661,G012.908-00.259_5661,273.67328032928,-17.87476906405491,0.0003287318395450711,10.82262476730027,3.0374502176062606e-05,4,0,65
G012.908-00.259,5669,G012.908-00.259_5669,273.67322195602736,-17.874769066545433,0.0003865529433824122,12.726231400988853,3.0374502176062606e-05,54,0,172
G012.908-00.259,5699,G012.908-00.259_5699,273.67327916181495,-17.8747690641049,0.0003179311752319336,10.467041513605029,3.0374502176062606e-05,5,0,27
G012.908-00.259,5752,G012.908-00.259_5752,273.6731810947505,-17.87476906827847,0.00036554745747707784,12.034681436364634,3.0374502176062606e-05,89,0,98
G012.908-00.259,5819,G012.908-00.259_5819,273.6732558125139,-17.87476906510306,0.00030695716850459576,10.105751420232366,3.0374502176062606e-05,25,0,64
G012.908-00.259,5850,G012.908-00.259_5850,273.67316241530966,-17.87476906906788,0.0009384094155393541,30.894643477610355,3.0374502176062606e-05,105,0,256
G012.908-00.259,5852,G012.908-00.259_5852,273.673258147444,-17.874769065003363,0.0005542252911254764,18.24639916443627,3.0374502176062606e-05,23,0,272
G012.908-00.259,5853,G012.908-00.259_5853,273.67324880772355,-17.874769065401956,0.0003776494995690882,12.43310910513307,3.0374502176062606e-05,31,0,87
G012.908-00.259,5919,G012.908-00.259_5919,273.6730550085248,-17.874769073572487,0.016499441117048264,543.2003797596744,3.0374502176062606e-05,197,0,276
G012.908-00.259,5920,G012.908-00.259_5920,273.67321028137684,-17.874769067041456,0.0004032321157865226,13.275348957136156,3.0374502176062606e-05,64,0,77
G012.908-00.259,5950,G012.908-00.259_5950,273.67327916181495,-17.8747690641049,0.0012003756128251553,39.51918638426745,3.0374502176062606e-05,5,0,6
G012.908-00.259,5988,G012.908-00.259_5988,273.67324063546823,-17.874769065750368,0.00040813873056322336,13.43688624746803,3.0374502176062606e-05,38,0,50
G012.908-00.259,5989,G012.908-00.259_5989,273.6732849991402,-17.87476906385492,0.0006132084527052939,20.188263470159793,3.0374502176062606e-05,0,0,100
G012.908-00.259,6006,G012.908-00.259_6006,273.6732674871644,-17.874769064604312,0.0004856376035604626,15.988331290024618,3.0374502176062606e-05,15,0,267
G012.908-00.259,6026,G012.908-00.259_6026,273.67327098955957,-17.87476906445456,0.00044480577344074845,14.64405147654696,3.0374502176062606e-05,12,0,47
G012.908-00.259,6027,G012.908-00.259_6027,273.67327098955957,-17.87476906445456,0.0003356007509864867,11.048765475766887,3.0374502176062606e-05,12,0,26
G012.908-00.259,6043,G012.908-00.259_6043,273.6730993721968,-17.874769071719022,0.0006196169997565448,20.399247900920322,3.0374502176062606e-05,159,0,168
G012.908-00.259,6059,G012.908-00.259_6059,273.6732079464467,-17.874769067140573,0.0003229491412639618,10.6322447489681,3.0374502176062606e-05,66,0,90
G012.908-00.259,6065,G012.908-00.259_6065,273.67327098955957,-17.87476906445456,0.0003734423080459237,12.294598472143006,3.0374502176062606e-05,12,0,22
G012.908-00.259,6076,G012.908-00.259_6076,273.67323830053806,-17.87476906584984,0.00044625188456848264,14.69166085362751,3.0374502176062606e-05,40,0,74
G012.908-00.259,6267,G012.908-00.259_6267,273.67320677898164,-17.874769067190122,0.0004856772720813751,15.9896372709649,3.0374502176062606e-05,67,0,136
G012.908-00.259,6596,G012.908-00.259_6596,273.67311805163763,-17.874769070935603,0.0003848317137453705,12.66956447597837,3.0374502176062606e-05,143,0,186
G012.908-00.259,7112,G012.908-00.259_7112,273.6730001376673,-17.87476907585105,0.0005373801104724407,17.69181622656969,3.0374502176062606e-05,244,0,281
G012.908-00.259,7489,G012.908-00.259_7489,273.673125056428,-17.87476907064137,0.0006312605692073703,20.782581572805203,3.0374502176062606e-05,137,0,180
G013.276-00.334,6315,G013.276-00.334_6315,273.92504803311795,-17.586911061498192,0.0008528083562850952,34.08146477170665,2.5022643891558018e-05,31,0,89
G013.276-00.334,6320,G013.276-00.334_6320,273.9250596890297,-17.58691106100844,0.0005204373737797141,20.798656450340005,2.5022643891558018e-05,21,0,27
G013.276-00.334,6323,G013.276-00.334_6323,273.92506202021207,-17.586911060910417,0.00041803927160799503,16.706438912677427,2.5022643891558018e-05,19,0,31
G014.194-00.194_eb1,401,G014.194-00.194_eb1_401,274.25233361201475,-16.71193060852331,0.0005999861750751734,21.52077796379317,2.7879390609605183e-05,85,0,223
G014.194-00.194_eb1,924,G014.194-00.194_eb1_924,274.2523649350159,-16.711930607278735,0.001475987839512527,52.941897481934575,2.7879390609605183e-05,58,0,306
G014.194-00.194_eb1,966,G014.194-00.194_eb1_966,274.2524194602401,-16.711930605100996,0.00030215209699235857,10.837830038087677,2.7879390609605183e-05,11,0,12
G014.194-00.194_eb1,970,G014.194-00.194_eb1_970,274.25242526079586,-16.711930604868485,0.0003004235040862113,10.775827502582052,2.7879390609605183e-05,6,0,12
G014.194-00.194_eb1,1106,G014.194-00.194_eb1_1106,274.2523521737932,-16.711930607786346,0.0013212922494858503,47.393153888759336,2.7879390609605183e-05,69,0,562
G014.194-00.194_eb1,2729,G014.194-00.194_eb1_2729,274.2508869534081,-16.711930660867957,0.003102376824244857,111.27850201919429,2.7879390609605183e-05,1332,0,1581
G014.194-00.194_eb1,3172,G014.194-00.194_eb1_3172,274.2521607554529,-16.71193061530676,0.0013425234938040376,48.154692927237186,2.7879390609605183e-05,234,0,351
G014.194-00.194_eb1,3602,G014.194-00.194_eb1_3602,274.25236145468244,-16.711930607417255,0.0007332076202146709,26.299269969052393,2.7879390609605183e-05,61,0,608
G014.194-00.194_eb1,3950,G014.194-00.194_eb1_3950,274.25236841534934,-16.71193060714015,0.00032957494840957224,11.821454529785347,2.7879390609605183e-05,55,0,88
G014.194-00.194_eb1,4483,G014.194-00.194_eb1_4483,274.2523034491247,-16.711930609717335,0.002001560293138027,71.79354531689215,2.7879390609605183e-05,111,0,131
G014.194-00.194_eb1,4493,G014.194-00.194_eb1_4493,274.2524322214628,-16.71193060458925,0.001583752455189824,56.80728382363493,2.7879390609605183e-05,0,0,132
G014.194-00.194_eb1,6115,G014.194-00.194_eb1_6115,274.2523544940155,-16.711930607694107,0.000347539724316448,12.465829299608558,2.7879390609605183e-05,67,0,113
G014.449-00.101_eb1,3886,G014.449-00.101_eb1_3886,274.29444362905366,-16.442919476054904,0.002026152331382036,76.4090265318807,2.6517185512586657e-05,41,0,274
G014.449-00.101_eb1,5757,G014.449-00.101_eb1_5757,274.2943683271493,-16.44291947899925,0.00035638909321278334,13.439929099701006,2.6517185512586657e-05,106,0,143
G014.449-00.101_eb1,5958,G014.449-00.101_eb1_5958,274.29440539885604,-16.442919477553087,0.0003385402960702777,12.766826098855251,2.6517185512586657e-05,74,0,196
G015.013-00.671_eb1,1710,G015.013-00.671_eb1_1710,275.09506653111674,-16.21716094412047,0.002306412672623992,84.85021545519255,2.718216636517506e-05,384,0,419
G015.013-00.671_eb1,1718,G015.013-00.671_eb1_1718,275.0954784780083,-16.21716092852381,0.0002741011558100581,10.083859841326994,2.718216636517506e-05,28,0,36
G015.013-00.671_eb1,2072,G015.013-00.671_eb1_2072,275.0948779149839,-16.217160950996647,0.003683334682136774,135.50556025055263,2.718216636517506e-05,547,0,726
G015.013-00.671_eb1,4647,G015.013-00.671_eb1_4647,275.09544954915356,-16.217160929645004,0.00031037870212458074,11.418468195464664,2.718216636517506e-05,53,0,161
G015.013-00.671_eb1,5501,G015.013-00.671_eb1_5501,275.09545417777036,-16.217160929465884,0.0005517336539924145,20.29763362420143,2.718216636517506e-05,49,0,228
G015.013-00.671_eb1,7484,G015.013-00.671_eb1_7484,275.0954958353212,-16.21716092784922,0.0009074906702153385,33.38551674004862,2.718216636517506e-05,13,0,433
G015.024-00.654_eb1,2510,G015.024-00.654_eb1_2510,275.085127025688,-16.199438776621868,0.001100356923416257,41.51008403626678,2.6508183468260154e-05,151,0,385
G015.024-00.654_eb1,2711,G015.024-00.654_eb1_2711,275.0852531441547,-16.199438771777324,0.00038162723649293184,14.396581981933132,2.6508183468260154e-05,42,0,47
G015.024-00.654_eb1,2732,G015.024-00.654_eb1_2732,275.08515595194183,-16.199438775517297,0.0006878456333652139,25.948425858332122,2.6508183468260154e-05,126,0,174
G015.024-00.654_eb1,2743,G015.024-00.654_eb1_2743,275.0853017402611,-16.19943876989078,0.0003064674965571612,11.561240962592295,2.6508183468260154e-05,0,0,13
G015.024-00.654_eb1,6082,G015.024-00.654_eb1_6082,275.08511429813626,-16.199438777106636,0.0009956011781468987,37.558257409037175,2.6508183468260154e-05,162,0,414
G015.024-00.654_eb1,6662,G015.024-00.654_eb1_6662,275.0852728140073,-16.199438771015057,0.00031209885491989553,11.773679448597083,2.6508183468260154e-05,25,0,83
G015.024-00.654_eb1,6703,G015.024-00.654_eb1_6703,275.0852334743021,-16.19943877253778,0.00026840760256163776,10.125461930766336,2.6508183468260154e-05,59,0,119
G015.029-00.669_eb1,1556,G015.029-00.669_eb1_1556,275.1112432246113,-16.200938786273802,0.0007515748147852719,25.922192605370416,2.8993489332748988e-05,292,0,326
G015.029-00.669_eb1,2356,G015.029-00.669_eb1_2356,275.1114468669872,-16.200938778569043,0.00047814787831157446,16.49156032321686,2.8993489332748988e-05,116,0,163
G015.029-00.669_eb1,4015,G015.029-00.669_eb1_4015,275.11157877170797,-16.20093877347503,0.001726584741845727,59.550774383526836,2.8993489332748988e-05,2,0,240
G015.029-00.669_eb1,4019,G015.029-00.669_eb1_4019,275.11157877170797,-16.20093877347503,0.0011602712329477072,40.01833720776571,2.8993489332748988e-05,2,0,8
G015.029-00.669_eb1,4021,G015.029-00.669_eb1_4021,275.1115810858259,-16.200938773384937,0.0007571887690573931,26.115820706068874,2.8993489332748988e-05,0,0,15
G015.029-00.669_eb1,4024,G015.029-00.669_eb1_4024,275.1115753005311,-16.20093877361013,0.0010070319985970855,34.73303909852663,2.8993489332748988e-05,5,0,26
G015.029-00.669_eb1,4033,G015.029-00.669_eb1_4033,275.1115660440595,-16.200938773970098,0.0014771419810131192,50.9473683577866,2.8993489332748988e-05,13,0,65
G015.029-00.669_eb1,4034,G015.029-00.669_eb1_4034,275.11156141582364,-16.200938774149957,0.0005169193027541041,17.828806213063455,2.8993489332748988e-05,17,0,38
G015.029-00.669_eb1,4044,G015.029-00.669_eb1_4044,275.1115729864132,-16.200938773700152,0.0006108711822889745,21.069253696173014,2.8993489332748988e-05,7,0,12
G015.029-00.669_eb1,4049,G015.029-00.669_eb1_4049,275.1115799287669,-16.20093877342998,0.0008259961032308638,28.489020198678784,2.8993489332748988e-05,1,0,18
G015.029-00.669_eb1,4053,G015.029-00.669_eb1_4053,275.11157645759005,-16.200938773565095,0.000413085421314463,14.247523524113086,2.8993489332748988e-05,4,0,5
G015.029-00.669_eb1,4057,G015.029-00.669_eb1_4057,275.1115810858259,-16.200938773384937,0.0004746399645227939,16.370570615889072,2.8993489332748988e-05,0,0,11
G015.029-00.669_eb1,4059,G015.029-00.669_eb1_4059,275.1115729864132,-16.200938773700152,0.0009897530544549227,34.13707964211703,2.8993489332748988e-05,7,0,13
G015.029-00.669_eb1,4062,G015.029-00.669_eb1_4062,275.1115706722953,-16.20093877379017,0.0007326271734200418,25.268678944155855,2.8993489332748988e-05,9,0,12
G015.029-00.669_eb1,4067,G015.029-00.669_eb1_4067,275.1115741434721,-16.200938773655146,0.0006435341201722622,22.195814818514158,2.8993489332748988e-05,6,0,15
G015.029-00.669_eb1,4069,G015.029-00.669_eb1_4069,275.11157182935426,-16.20093877374517,0.0005432047182694077,18.73540338781653,2.8993489332748988e-05,8,0,67
G015.029-00.669_eb1,4072,G015.029-00.669_eb1_4072,275.1115348034677,-16.200938775182067,0.010120161809027195,349.0494604799491,2.8993489332748988e-05,40,0,205
G015.029-00.669_eb1,4073,G015.029-00.669_eb1_4073,275.11156835817735,-16.200938773880146,0.0005316860624589026,18.338119167269312,2.8993489332748988e-05,11,0,24
G015.029-00.669_eb1,4083,G015.029-00.669_eb1_4083,275.11153943170353,-16.200938775002815,0.0017145699821412563,59.136379290663704,2.8993489332748988e-05,36,0,38
G015.029-00.669_eb1,4084,G015.029-00.669_eb1_4084,275.11157877170797,-16.20093877347503,0.001071407226845622,36.95337303314632,2.8993489332748988e-05,2,0,13
G015.029-00.669_eb1,4091,G015.029-00.669_eb1_4091,275.1115799287669,-16.20093877342998,0.0008014735067263246,27.643223536431574,2.8993489332748988e-05,1,0,9
G015.029-00.669_eb1,4092,G015.029-00.669_eb1_4092,275.1115741434721,-16.200938773655146,0.00048157756100408733,16.609851800767267,2.8993489332748988e-05,6,0,10
G015.029-00.669_eb1,4093,G015.029-00.669_eb1_4093,275.11154058876247,-16.200938774957976,0.0003791644121520221,13.077570891881058,2.8993489332748988e-05,35,0,66
G015.029-00.669_eb1,4099,G015.029-00.669_eb1_4099,275.11157182935426,-16.20093877374517,0.0016036632005125284,55.31114872403938,2.8993489332748988e-05,8,0,13
G015.029-00.669_eb1,4100,G015.029-00.669_eb1_4100,275.111552159352,-16.200938774509325,0.00044781932956539094,15.445513453931397,2.8993489332748988e-05,25,0,95
G015.029-00.669_eb1,4101,G015.029-00.669_eb1_4101,275.11154868817516,-16.200938774643976,0.00036329805152490735,12.5303321499338,2.8993489332748988e-05,28,0,37
G015.029-00.669_eb1,4102,G015.029-00.669_eb1_4102,275.11157761464904,-16.200938773520072,0.000707825121935457,24.413243739377997,2.8993489332748988e-05,3,0,5
G015.029-00.669_eb1,4106,G015.029-00.669_eb1_4106,275.11157645759005,-16.200938773565095,0.0006151308189146221,21.21617070146207,2.8993489332748988e-05,4,0,34
G015.029-00.669_eb1,4114,G015.029-00.669_eb1_4114,275.1115729864132,-16.200938773700152,0.0004938048659823835,17.031577686809037,2.8993489332748988e-05,7,0,8
G015.029-00.669_eb1,4115,G015.029-00.669_eb1_4115,275.1115741434721,-16.200938773655146,0.0012677049962803721,43.723781630121444,2.8993489332748988e-05,6,0,10
G015.029-00.669_eb1,4118,G015.029-00.669_eb1_4118,275.1115625728826,-16.200938774104994,0.00035144007415510714,12.121344558488357,2.8993489332748988e-05,16,0,20
G015.029-00.669_eb1,4129,G015.029-00.669_eb1_4129,275.11157761464904,-16.200938773520072,0.0004979459336027503,17.174405187591752,2.8993489332748988e-05,3,0,6
G015.029-00.669_eb1,4130,G015.029-00.669_eb1_4130,275.11156141582364,-16.200938774149957,0.00034460582537576556,11.885627887724548,2.8993489332748988e-05,17,0,34
G015.029-00.669_eb1,4132,G015.029-00.669_eb1_4132,275.11157182935426,-16.20093877374517,0.0004391745605971664,15.147351033085418,2.8993489332748988e-05,8,0,12
G015.029-00.669_eb1,4139,G015.029-00.669_eb1_4139,275.1115741434721,-16.200938773655146,0.00045077892718836665,15.547591461480241,2.8993489332748988e-05,6,0,89
G015.029-00.669_eb1,4140,G015.029-00.669_eb1_4140,275.1115810858259,-16.200938773384937,0.00030499082640744746,10.519286689061998,2.8993489332748988e-05,0,0,5
G015.029-00.669_eb1,4143,G015.029-00.669_eb1_4143,275.11156835817735,-16.200938773880146,0.00032526609720662236,11.218590955840035,2.8993489332748988e-05,11,0,14
G015.029-00.669_eb1,4146,G015.029-00.669_eb1_4146,275.1115602587647,-16.20093877419489,0.00047024019295349717,16.21882028605461,2.8993489332748988e-05,18,0,23
G015.029-00.669_eb1,4159,G015.029-00.669_eb1_4159,275.1115660440595,-16.200938773970098,0.00045289844274520874,15.620694616899621,2.8993489332748988e-05,13,0,27
G015.029-00.669_eb1,4162,G015.029-00.669_eb1_4162,275.11156951523634,-16.20093877383516,0.00036800449015572667,12.692659580647815,2.8993489332748988e-05,10,0,11
G015.029-00.669_eb1,4861,G015.029-00.669_eb1_4861,275.1114896781685,-16.20093877692464,0.0006817085086368024,23.512468637805277,2.8993489332748988e-05,79,0,130
G015.029-00.669_eb1,5655,G015.029-00.669_eb1_5655,275.1111437175413,-16.20093878996813,0.0007871259585954249,27.148369399827406,2.8993489332748988e-05,378,0,395
G016.318-00.531,3958,G016.318-00.531_3958,275.60468976026203,-14.999830172124732,0.0003966710646636784,17.770515382827604,2.2321866086506324e-05,19,0,124
G016.318-00.531,4030,G016.318-00.531_4030,275.6047058645455,-14.999830171544028,0.00029831923893652856,13.364439952305958,2.2321866086506324e-05,5,0,81
G016.318-00.531,4453,G016.318-00.531_4453,275.60467135536663,-14.999830172786988,0.00027770252199843526,12.440829136875244,2.2321866086506324e-05,35,0,80
G016.318-00.531,4523,G016.318-00.531_4523,275.6046782572024,-14.999830172538804,0.0005565996980294585,24.93517772539303,2.2321866086506324e-05,29,0,348
G016.318-00.531,6549,G016.318-00.531_6549,275.6046690547547,-14.99983017286967,0.00023587926989421248,10.567184167313084,2.2321866086506324e-05,37,0,59
G016.318-00.531,6578,G016.318-00.531_6578,275.6046333952699,-14.999830174148242,0.00036998081486672163,16.5748156284468,2.2321866086506324e-05,68,0,95
G016.364-00.207,895,G016.364-00.207_895,275.33099198419995,-14.806910706515271,0.00039173796540126204,17.423728735465772,2.2483015624771782e-05,159,0,207
G016.364-00.207,1215,G016.364-00.207_1215,275.331079329146,-14.806910703452496,0.00036445935256779194,16.210430070876733,2.2483015624771782e-05,83,0,136
G016.364-00.207,1833,G016.364-00.207_1833,275.33107128421676,-14.806910703735976,0.00028989772545173764,12.894076590523222,2.2483015624771782e-05,90,0,161
G016.364-00.207,1950,G016.364-00.207_1950,275.3311207030679,-14.806910701990256,0.0002869001473300159,12.76075025335611,2.2483015624771782e-05,47,0,87
G016.364-00.207,3278,G016.364-00.207_3278,275.3311678233677,-14.806910700315923,0.0002530081837903708,11.253302849267536,2.2483015624771782e-05,6,0,106
G016.364-00.207,3348,G016.364-00.207_3348,275.3310908219021,-14.806910703047066,0.00046952604316174984,20.88358834943948,2.2483015624771782e-05,73,0,101
G016.364-00.207,4446,G016.364-00.207_4446,275.3311666740921,-14.806910700356863,0.00047853001160547137,21.28406703050222,2.2483015624771782e-05,7,0,135
G016.364-00.207,5548,G016.364-00.207_5548,275.33080235372495,-14.806910713051462,0.0009462868911214173,42.08896648538546,2.2483015624771782e-05,324,0,348
G016.986-00.922,3918,G016.986-00.922_3918,276.2854861832206,-14.59276944661045,0.0005934616201557219,26.55789047478223,2.234596233158041e-05,34,0,115
G016.986-00.922,4192,G016.986-00.922_4192,276.2852932941387,-14.59276945328121,0.0005369263235479593,24.02788994185087,2.234596233158041e-05,202,0,261
G016.986-00.922,4203,G016.986-00.922_4203,276.2854666646826,-14.592769447292673,0.00036099160206504166,16.154667975738533,2.234596233158041e-05,51,0,128
G016.986-00.922,4393,G016.986-00.922_4393,276.2853943312768,-14.592769449806731,0.00029693596297875047,13.288125996664103,2.234596233158041e-05,114,0,129
G016.986-00.922,4463,G016.986-00.922_4463,276.2855034054601,-14.592769446007171,0.00024770403979346156,11.08495736804291,2.234596233158041e-05,19,0,64
G016.986-00.922,5868,G016.986-00.922_5868,276.28533118306547,-14.592769451983372,0.0004489737912081182,20.09194254183479,2.234596233158041e-05,169,0,187
G034.258+00.154,1317,G034.258+00.154_1317,283.33545228506097,1.2424391234372203,0.0019408100051805377,13.899467700409856,0.0001396319662747451,217,0,645
G034.258+00.154,1897,G034.258+00.154_1897,283.3355411948534,1.2424391231729648,0.0017010553274303675,12.182420493050332,0.0001396319662747451,137,0,541
G034.258+00.154,2022,G034.258+00.154_2022,283.3356556662112,1.2424391228283211,0.0016014095162972808,11.46878869517806,0.0001396319662747451,34,0,121
G034.258+00.154,2031,G034.258+00.154_2031,283.33569234150065,1.2424391227168465,0.0014762443024665117,10.572395002744559,0.0001396319662747451,1,0,25
G034.258+00.154,2460,G034.258+00.154_2460,283.3354333917301,1.242439123492984,0.0047205593436956406,33.807153688628084,0.0001396319662747451,234,0,948
G034.258+00.154,2567,G034.258+00.154_2567,283.33567567091455,1.2424391227675728,0.0014860411174595356,10.642556694614937,0.0001396319662747451,16,0,47
G034.258+00.154,2588,G034.258+00.154_2588,283.33560120896334,1.2424391229929104,0.0032673683017492294,23.39985884980115,0.0001396319662747451,83,0,240
G034.258+00.154,2616,G034.258+00.154_2616,283.3353933823235,1.242439123610618,0.001397053012624383,10.005252019981507,0.0001396319662747451,270,0,454
G034.258+00.154,2861,G034.258+00.154_2861,283.33556231092916,1.242439123109765,0.0036613657139241695,26.22154375968558,0.0001396319662747451,118,0,131
G034.258+00.154,2873,G034.258+00.154_2873,283.3353322568412,1.242439123789168,0.007670102175325155,54.93084699697757,0.0001396319662747451,325,0,645
G034.258+00.154,2948,G034.258+00.154_2948,283.33558676112204,1.242439123036378,0.0019046466331928968,13.640477062718166,0.0001396319662747451,96,0,339
G034.258+00.154,3466,G034.258+00.154_3466,283.3354789579987,1.2424391233582626,0.0020276042632758617,14.521060738242928,0.0001396319662747451,193,0,588
G034.258+00.154,3500,G034.258+00.154_3500,283.33554786308787,1.2424391231530303,0.0015189240220934153,10.878053662187378,0.0001396319662747451,131,0,431
G034.258+00.154,3627,G034.258+00.154_3627,283.33569123012825,1.2424391227202252,0.0018460117280483246,13.220552408579872,0.0001396319662747451,2,0,20
G034.258+00.154,3634,G034.258+00.154_3634,283.33569234150065,1.2424391227168465,0.0017990695778280497,12.884367568728015,0.0001396319662747451,1,0,12
G034.258+00.154,3635,G034.258+00.154_3635,283.3356256591563,1.2424391229191394,0.0016658585518598557,11.930352313323798,0.0001396319662747451,61,0,63
G034.258+00.154,3673,G034.258+00.154_3673,283.3356834505214,1.2424391227439076,0.0018498462159186602,13.248013798493917,0.0001396319662747451,9,0,22
G034.258+00.154,3686,G034.258+00.154_3686,283.3356534434664,1.242439122835052,0.002011071890592575,14.402661111535982,0.0001396319662747451,36,0,49
G034.258+00.154,3692,G034.258+00.154_3692,283.3356667799353,1.2424391227945781,0.0020057715009897947,14.364701396836049,0.0001396319662747451,24,0,29
G034.258+00.154,3717,G034.258+00.154_3717,283.33569123012825,1.2424391227202252,0.001968702068552375,14.099221840639864,0.0001396319662747451,2,0,7
G034.258+00.154,3718,G034.258+00.154_3718,283.33569345287304,1.2424391227134546,0.001983870752155781,14.207855157265653,0.0001396319662747451,0,0,10
G034.258+00.154,3720,G034.258+00.154_3720,283.335446728199,1.2424391234536232,0.00267050857655704,19.12533818583094,0.0001396319662747451,222,0,279
G034.258+00.154,3723,G034.258+00.154_3723,283.33567233679736,1.2424391227776972,0.002146852668374777,15.375080117045327,0.0001396319662747451,19,0,37
G034.258+00.154,3737,G034.258+00.154_3737,283.3353322568412,1.242439123789168,0.0061379424296319485,43.95800326663525,0.0001396319662747451,325,0,419
G034.258+00.154,3738,G034.258+00.154_3738,283.33569123012825,1.2424391227202252,0.00257301889359951,18.427147896325845,0.0001396319662747451,2,0,11
G034.258+00.154,3739,G034.258+00.154_3739,283.33567789365935,1.2424391227608194,0.0016782672610133886,12.019219565462302,0.0001396319662747451,14,0,17
G034.258+00.154,3748,G034.258+00.154_3748,283.33569123012825,1.2424391227202252,0.0014815264148637652,10.610223821876563,0.0001396319662747451,2,0,33
G034.258+00.154,3750,G034.258+00.154_3750,283.33569234150065,1.2424391227168465,0.0015304598491638899,10.96066960879502,0.0001396319662747451,1,0,17
G034.258+00.154,3751,G034.258+00.154_3751,283.33569011875585,1.2424391227236065,0.0017734977882355452,12.701230495787364,0.0001396319662747451,3,0,11
G034.258+00.154,3764,G034.258+00.154_3764,283.33569123012825,1.2424391227202252,0.0014739183243364096,10.555737082698332,0.0001396319662747451,2,0,6
G034.258+00.154,3780,G034.258+00.154_3780,283.33565900032846,1.2424391228182035,0.0021065734326839447,15.086612964677242,0.0001396319662747451,31,0,48
G034.258+00.154,3781,G034.258+00.154_3781,283.33569123012825,1.2424391227202252,0.0020749433897435665,14.860088596481052,0.0001396319662747451,2,0,28
G034.258+00.154,3804,G034.258+00.154_3804,283.3356678913077,1.2424391227912133,0.0021859093103557825,15.654791439767491,0.0001396319662747451,23,0,26
G034.258+00.154,3808,G034.258+00.154_3808,283.3356812277766,1.2424391227506748,0.0016345353797078133,11.706025656701275,0.0001396319662747451,11,0,15
G034.258+00.154,3825,G034.258+00.154_3825,283.335652332094,1.2424391228384246,0.0018344023264944553,13.137409544781576,0.0001396319662747451,37,0,72
G034.258+00.154,3829,G034.258+00.154_3829,283.3356834505214,1.2424391227439076,0.001973897684365511,14.13643119858096,0.0001396319662747451,9,0,22
G034.258+00.154,3845,G034.258+00.154_3845,283.33569345287304,1.2424391227134546,0.0027548756916075945,19.72954879248064,0.0001396319662747451,0,0,198
G034.258+00.154,3854,G034.258+00.154_3854,283.33568900738345,1.2424391227269989,0.0019187158904969692,13.741236635754538,0.0001396319662747451,4,0,8
G034.258+00.154,4010,G034.258+00.154_4010,283.3356512207216,1.2424391228417861,0.002410316839814186,17.261927222822003,0.0001396319662747451,38,0,105
G034.258+00.154,4044,G034.258+00.154_4044,283.33569011875585,1.2424391227236065,0.005338771268725395,38.2345920576713,0.0001396319662747451,3,0,5
G034.258+00.154,4065,G034.258+00.154_4065,283.3356867846386,1.24243912273376,0.03345838561654091,239.61838044095816,0.0001396319662747451,6,0,23
G034.258+00.154,4085,G034.258+00.154_4085,283.3356656685629,1.2424391227979614,0.12619291245937347,903.7537451207381,0.0001396319662747451,25,0,610
G034.258+00.154,4118,G034.258+00.154_4118,283.33530224978625,1.2424391238763162,0.003592338413000107,25.727192052367773,0.0001396319662747451,352,0,431
G034.258+00.154,4211,G034.258+00.154_4211,283.3356212136667,1.2424391229325649,0.015343256294727325,109.8835510526104,0.0001396319662747451,65,0,78
G034.258+00.154,4220,G034.258+00.154_4220,283.3356867846386,1.24243912273376,0.0015129512175917625,10.83527832455516,0.0001396319662747451,6,0,11
G034.258+00.154,4225,G034.258+00.154_4225,283.33567233679736,1.2424391227776972,0.0018715173937380314,13.403215923032722,0.0001396319662747451,19,0,108
G034.258+00.154,4230,G034.258+00.154_4230,283.33566122307326,1.2424391228114637,0.013019808568060398,93.24375295583917,0.0001396319662747451,29,0,30
G034.258+00.154,4231,G034.258+00.154_4231,283.33567455954216,1.2424391227709437,0.002847611904144287,20.39369622956694,0.0001396319662747451,17,0,35
G034.258+00.154,4250,G034.258+00.154_4250,283.33569011875585,1.2424391227236065,0.011481084860861301,82.22390020828531,0.0001396319662747451,3,0,14
G034.258+00.154,4257,G034.258+00.154_4257,283.33569345287304,1.2424391227134546,0.0015356200747191906,10.997625512897576,0.0001396319662747451,0,0,11
G034.258+00.154,4265,G034.258+00.154_4265,283.3356501093492,1.2424391228451628,0.005935191176831722,42.505962890713846,0.0001396319662747451,39,0,58
G034.258+00.154,4270,G034.258+00.154_4270,283.33569234150065,1.2424391227168465,0.002237580018118024,16.024840713875484,0.0001396319662747451,1,0,88
G034.258+00.154,4280,G034.258+00.154_4280,283.33567233679736,1.2424391227776972,0.0014695741701871157,10.5246256240174,0.0001396319662747451,19,0,35
G034.258+00.154,4297,G034.258+00.154_4297,283.33564566385957,1.2424391228586367,0.006888282485306263,49.33170153711522,0.0001396319662747451,43,0,73
G034.258+00.154,4315,G034.258+00.154_4315,283.33567900503175,1.2424391227574387,0.006010804791003466,43.047483691351744,0.0001396319662747451,13,0,63
G034.258+00.154,4316,G034.258+00.154_4316,283.3354189438888,1.2424391235355265,0.010227442719042301,73.24571150791074,0.0001396319662747451,247,0,277
G034.258+00.154,4351,G034.258+00.154_4351,283.335682339149,1.2424391227472935,0.002622108906507492,18.7787150497339,0.0001396319662747451,10,0,37
G034.258+00.154,4354,G034.258+00.154_4354,283.33565677758367,1.2424391228249472,0.004565256182104349,32.69492154197399,0.0001396319662747451,33,0,47
G034.258+00.154,4385,G034.258+00.154_4385,283.335652332094,1.2424391228384246,0.0013964427635073662,10.000881608726136,0.0001396319662747451,37,0,52
G034.258+00.154,4392,G034.258+00.154_4392,283.33568011640415,1.2424391227540599,0.0015457957051694393,11.070500161316025,0.0001396319662747451,12,0,41
G034.258+00.154,4400,G034.258+00.154_4400,283.33566344581806,1.242439122804717,0.0023726336658000946,16.992052243478486,0.0001396319662747451,27,0,36
G034.258+00.154,4402,G034.258+00.154_4402,283.3356812277766,1.2424391227506748,0.0029957143124192953,21.45435885737522,0.0001396319662747451,11,0,15
G034.258+00.154,4405,G034.258+00.154_4405,283.33567455954216,1.2424391227709437,0.0014656780986115336,10.496723191075104,0.0001396319662747451,17,0,38
G034.258+00.154,4415,G034.258+00.154_4415,283.33568900738345,1.2424391227269989,0.0027526638004928827,19.713707927571814,0.0001396319662747451,4,0,7
G034.258+00.154,4424,G034.258+00.154_4424,283.33567455954216,1.2424391227709437,0.0014065414434298873,10.073205161791703,0.0001396319662747451,17,0,27
G034.258+00.154,4446,G034.258+00.154_4446,283.3356656685629,1.2424391227979614,0.001461162930354476,10.464386983417802,0.0001396319662747451,25,0,85
G034.258+00.154,4524,G034.258+00.154_4524,283.33558342700485,1.2424391230463956,0.0014195661060512066,10.16648367794245,0.0001396319662747451,99,0,130
G034.258+00.154,4571,G034.258+00.154_4571,283.33549340584,1.2424391233153784,0.0018738149665296078,13.41967041302433,0.0001396319662747451,180,0,498
G034.258+00.154,4832,G034.258+00.154_4832,283.3354778466263,1.2424391233615582,0.0014190893853083253,10.163069554689732,0.0001396319662747451,194,0,310
G034.258+00.154,5327,G034.258+00.154_5327,283.33566233444566,1.2424391228080967,0.0016130092553794384,11.551862359408597,0.0001396319662747451,28,0,290
G034.258+00.154,5905,G034.258+00.154_5905,283.33559787484614,1.242439123002936,0.002419521566480398,17.32784856527521,0.0001396319662747451,86,0,171
G034.258+00.154,5942,G034.258+00.154_5942,283.33568900738345,1.2424391227269989,0.0014188962522894144,10.161686397064273,0.0001396319662747451,4,0,64
G034.258+00.154,7147,G034.258+00.154_7147,283.33556564504636,1.24243912309977,0.0018250637222081423,13.07052941313652,0.0001396319662747451,115,0,148
G034.258+00.166,1741,G034.258+00.166_1741,283.32316375744017,1.2469500195327738,0.00043985055526718497,19.972508034172574,2.2022800266977448e-05,42,0,129
G034.258+00.166,2832,G034.258+00.166_2832,283.32319932141803,1.2469500194244139,0.0007628541206941009,34.639287985460165,2.2022800266977448e-05,10,0,294
G034.258+00.166,3414,G034.258+00.166_3414,283.3231026318533,1.2469500197178922,0.0003389545308891684,15.391073195965042,2.2022800266977448e-05,97,0,164
G034.258+00.166,3523,G034.258+00.166_3523,283.32317487118326,1.2469500194989627,0.0004961612285114825,22.529434154450463,2.2022800266977448e-05,32,0,75
G034.258+00.166,3602,G034.258+00.166_3602,283.32309596360744,1.2469500197379968,0.001586955040693283,72.0596391673622,2.2022800266977448e-05,103,0,340
G034.258+00.166,3698,G034.258+00.166_3698,283.32314152995406,1.2469500196002588,0.00037545355735346675,17.048402237768485,2.2022800266977448e-05,62,0,82
G034.258+00.166,3705,G034.258+00.166_3705,283.3229714896851,1.2469500201102344,0.001424335059709847,64.67547461916531,2.2022800266977448e-05,215,0,314
G034.258+00.166,3706,G034.258+00.166_3706,283.32316153469156,1.2469500195395453,0.0002493221254553646,11.321090979933913,2.2022800266977448e-05,44,0,85
G034.258+00.166,3737,G034.258+00.166_3737,283.32313930720545,1.2469500196069967,0.00043694477062672377,19.840563658106177,2.2022800266977448e-05,64,0,81
G034.258+00.166,3783,G034.258+00.166_3783,283.32320821241245,1.2469500193972478,0.0002397890784777701,10.888219280512065,2.2022800266977448e-05,2,0,9
G034.258+00.166,3790,G034.258+00.166_3790,283.32316153469156,1.2469500195395453,0.002329768380150199,105.78892565463708,2.2022800266977448e-05,44,0,664
G034.258+00.166,3991,G034.258+00.166_3991,283.3231582005686,1.2469500195496588,0.0020030136220157146,90.95181347211215,2.2022800266977448e-05,47,0,182
G034.258+00.166,4008,G034.258+00.166_4008,283.3231982100437,1.2469500194278076,0.0007192388293333352,32.65882724331896,2.2022800266977448e-05,11,0,26
G034.258+00.166,4030,G034.258+00.166_4030,283.32314152995406,1.2469500196002588,0.0003109711979050189,14.120420388651086,2.2022800266977448e-05,62,0,98
G034.258+00.166,4055,G034.258+00.166_4055,283.32319932141803,1.2469500194244139,0.00022938397887628525,10.415749863573884,2.2022800266977448e-05,10,0,15
G034.258+00.166,4062,G034.258+00.166_4062,283.32317264843465,1.246950019505734,0.00030523788882419467,13.860085235477072,2.2022800266977448e-05,34,0,50
G034.258+00.166,4078,G034.258+00.166_4078,283.32317931668047,1.2469500194854366,0.00025888156960718334,11.75516130868102,2.2022800266977448e-05,28,0,29
G034.258+00.166,4091,G034.258+00.166_4091,283.3232026555409,1.246950019414237,0.0002686777734197676,12.199982298465567,2.2022800266977448e-05,7,0,10
G034.258+00.166,4093,G034.258+00.166_4093,283.32319932141803,1.2469500194244139,0.0002793541643768549,12.684770373899198,2.2022800266977448e-05,10,0,15
G034.258+00.166,4168,G034.258+00.166_4168,283.32318376217773,1.2469500194718695,0.00024173097335733473,10.97639584552757,2.2022800266977448e-05,24,0,93
G034.258+00.166,4208,G034.258+00.166_4208,283.3231604233173,1.246950019542905,0.0003776034282054752,17.146022468890145,2.2022800266977448e-05,45,0,96
G034.258+00.166,4774,G034.258+00.166_4774,283.3230215015289,1.2469500199613899,0.0007009267574176192,31.827322089854242,2.2022800266977448e-05,170,0,239
G034.258+00.166,4834,G034.258+00.166_4834,283.32305595413237,1.246950019858293,0.0011694191489368677,53.10038390941491,2.2022800266977448e-05,139,0,348
G034.258+00.166,4883,G034.258+00.166_4883,283.3231359730825,1.2469500196171055,0.0002945092273876071,13.372923688964985,2.2022800266977448e-05,67,0,103
G034.258+00.166,4997,G034.258+00.166_4997,283.3232048782896,1.246950019407434,0.00030774660990573466,13.973999953456953,2.2022800266977448e-05,5,0,95
G034.258+00.166,5252,G034.258+00.166_5252,283.3231693143117,1.2469500195158738,0.0002821807283908129,12.813117540458046,2.2022800266977448e-05,37,0,121
G034.258+00.166,5256,G034.258+00.166_5256,283.3231404185797,1.246950019603631,0.0002511675120331347,11.404885345564029,2.2022800266977448e-05,63,0,111
G034.258+00.166,5627,G034.258+00.166_5627,283.3231381958311,1.246950019610354,0.00031103944638743997,14.123519380677244,2.2022800266977448e-05,65,0,113
G034.258+00.166,5822,G034.258+00.166_5822,283.3224358072696,1.2469500216446072,0.0012781014665961266,58.035374752619575,2.2022800266977448e-05,697,0,756
G034.401+00.226,858,G034.401+00.226_858,283.335225853486,1.4031113847385543,0.0010482346406206489,45.58757556471241,2.2993866807693258e-05,249,0,705
G034.401+00.226,1009,G034.401+00.226_1009,283.33528920581523,1.4031113845273924,0.0003623732482083142,15.759561070740473,2.2993866807693258e-05,192,0,266
G034.401+00.226,1721,G034.401+00.226_1721,283.33520807037604,1.4031113847975218,0.0006656678160652518,28.949798728177967,2.2993866807693258e-05,265,0,336
G034.401+00.226,2149,G034.401+00.226_2149,283.3354170219181,1.4031113840961154,0.0003101912443526089,13.490173138205078,2.2993866807693258e-05,77,0,90
G034.401+00.226,2165,G034.401+00.226_2165,283.3352503052622,1.4031113846572516,0.002433446468785405,105.83024113070124,2.2993866807693258e-05,227,0,945
G034.401+00.226,2181,G034.401+00.226_2181,283.3353581153663,1.4031113842957534,0.0008254226995632052,35.89751591007026,2.2993866807693258e-05,130,0,149
G034.401+00.226,2230,G034.401+00.226_2230,283.33537923280943,1.4031113842243552,0.0008108222973532975,35.262546492702725,2.2993866807693258e-05,111,0,477
G034.401+00.226,2427,G034.401+00.226_2427,283.33545147669366,1.403111383978653,0.0002337020414415747,10.163668572846694,2.2993866807693258e-05,46,0,88
G034.401+00.226,2460,G034.401+00.226_2460,283.33549815735734,1.4031113838187097,0.0011588409543037415,50.39782842944963,2.2993866807693258e-05,4,0,769
G034.401+00.226,2487,G034.401+00.226_2487,283.33537256414314,1.403111384246929,0.00032999622635543346,14.351488991187152,2.2993866807693258e-05,117,0,138
G034.401+00.226,2658,G034.401+00.226_2658,283.33536589547697,1.4031113842694616,0.0003457871207501739,15.038232744502153,2.2993866807693258e-05,123,0,437
G034.401+00.226,3261,G034.401+00.226_3261,283.33514249515804,1.403111385013786,0.0009383313008584082,40.80789493589928,2.2993866807693258e-05,324,0,436
G034.401+00.226,3461,G034.401+00.226_3461,283.3354625911374,1.4031113839406528,0.0016106603434309363,70.04738945830736,2.2993866807693258e-05,36,0,693
G034.401+00.226,3464,G034.401+00.226_3464,283.33522029626414,1.4031113847570058,0.0006583596114069223,28.63196594609521,2.2993866807693258e-05,254,0,286
G034.401+00.226,3915,G034.401+00.226_3915,283.33541813336245,1.4031113840923375,0.0002361239166930318,10.268995583380075,2.2993866807693258e-05,76,0,151
G034.401+00.226,4037,G034.401+00.226_4037,283.33377319569354,1.403111389107361,0.001958291046321392,85.16579932811429,2.2993866807693258e-05,1556,0,1591
G034.401+00.226,4099,G034.401+00.226_4099,283.33541479902937,1.403111384103677,0.0002877098449971527,12.512460274880391,2.2993866807693258e-05,79,0,87
G034.401+00.226,4348,G034.401+00.226_4348,283.33548593146924,1.4031113838606926,0.00026235950645059347,11.40997765381565,2.2993866807693258e-05,15,0,108
G034.401+00.226,4389,G034.401+00.226_4389,283.33548370858045,1.4031113838683047,0.00023698279983364046,10.306348289116428,2.2993866807693258e-05,17,0,67
G034.401+00.226,4459,G034.401+00.226_4459,283.33532032625766,1.4031113844230343,0.0005333066219463944,23.193429204693896,2.2993866807693258e-05,164,0,187
G034.401+00.226,4495,G034.401+00.226_4495,283.3353803442538,1.4031113842205925,0.000467675767140463,20.33915265543717,2.2993866807693258e-05,110,0,171
G034.401+00.226,4533,G034.401+00.226_4533,283.3354370279168,1.403111384027983,0.0006864778115414083,29.854822474301166,2.2993866807693258e-05,59,0,236
G034.401+00.226,4552,G034.401+00.226_4552,283.3355014916904,1.403111383807252,0.00023008485732134432,10.006357749465732,2.2993866807693258e-05,1,0,7
G034.401+00.226,4563,G034.401+00.226_4563,283.33550038024606,1.4031113838110654,0.00024633260909467936,10.71297016525562,2.2993866807693258e-05,2,0,35
G034.401+00.226,4618,G034.401+00.226_4618,283.3352247420416,1.4031113847422454,0.0028193702455610037,122.61401134226378,2.2993866807693258e-05,250,0,472
G034.401+00.226,4645,G034.401+00.226_4645,283.3354481423605,1.4031113839900442,0.0002572878438513726,11.189411768067195,2.2993866807693258e-05,49,0,65
G034.401+00.226,4659,G034.401+00.226_4659,283.3354748170255,1.4031113838987945,0.0002562405134085566,11.143863515936518,2.2993866807693258e-05,25,0,35
G034.401+00.226,4667,G034.401+00.226_4667,283.33541813336245,1.4031113840923375,0.00029086816357448697,12.649815101006356,2.2993866807693258e-05,76,0,91
G034.401+00.226,4671,G034.401+00.226_4671,283.3353603382551,1.4031113842882434,0.001264879945665598,55.00944909546036,2.2993866807693258e-05,128,0,287
G034.401+00.226,4691,G034.401+00.226_4691,283.3354870429136,1.4031113838568772,0.0002559162094257772,11.129759581809575,2.2993866807693258e-05,14,0,51
G034.401+00.226,4694,G034.401+00.226_4694,283.335497045913,1.4031113838225204,0.00024030849453993142,10.450982279306293,2.2993866807693258e-05,5,0,17
G034.401+00.226,4865,G034.401+00.226_4865,283.33549593446855,1.4031113838263405,0.00033051904756575823,14.374226411330415,2.2993866807693258e-05,6,0,26
G034.401+00.226,4871,G034.401+00.226_4871,283.33548593146924,1.4031113838606926,0.00038005143869668245,16.528383062979444,2.2993866807693258e-05,15,0,47
G034.401+00.226,5018,G034.401+00.226_5018,283.33533699792326,1.403111384366953,0.0006258767680265009,27.21929170334656,2.2993866807693258e-05,149,0,254
G034.401+00.226,5082,G034.401+00.226_5082,283.33531810336893,1.4031113844304983,0.0009026777697727084,39.25732793540805,2.2993866807693258e-05,166,0,173
G034.401+00.226,5133,G034.401+00.226_5133,283.3354770399142,1.403111383891179,0.00036882891436107457,16.040317074363163,2.2993866807693258e-05,23,0,137
G034.401+00.226,5304,G034.401+00.226_5304,283.33547148269236,1.403111383910231,0.0005542353028431535,24.103614562893707,2.2993866807693258e-05,28,0,217
G034.401+00.226,5517,G034.401+00.226_5517,283.33513026927,1.4031113850538894,0.001495086238719523,65.02108806767981,2.2993866807693258e-05,335,0,469
G034.401+00.226,5614,G034.401+00.226_5614,283.33546703691485,1.4031113839254423,0.0005460132379084826,23.74603812725392,2.2993866807693258e-05,32,0,174
G034.401+00.226,5752,G034.401+00.226_5752,283.33538145569815,1.4031113842168288,0.0007968030986376107,34.652853532708875,2.2993866807693258e-05,109,0,177
G034.401+00.226,5801,G034.401+00.226_5801,283.33497688994663,1.403111385551684,0.0023406867403537035,101.79613372251768,2.2993866807693258e-05,473,0,866
G034.401+00.226,5928,G034.401+00.226_5928,283.33547370558114,1.4031113839026024,0.0005672328406944871,24.66887563707654,2.2993866807693258e-05,26,0,51
G034.401+00.226,5933,G034.401+00.226_5933,283.33547926280295,1.4031113838835598,0.0004935701726935804,21.465296673304305,2.2993866807693258e-05,21,0,41
G034.401+00.226,6129,G034.401+00.226_6129,283.33549260013547,1.4031113838377927,0.00033905275631695986,14.74535619226602,2.2993866807693258e-05,9,0,100
G034.401+00.226,6293,G034.401+00.226_6293,283.3354025731412,1.4031113841452234,0.0003624922828748822,15.764737871474493,2.2993866807693258e-05,90,0,142
G034.401+00.226,6588,G034.401+00.226_6588,283.3354648140261,1.4031113839330558,0.0002561296278145164,11.139041117208738,2.2993866807693258e-05,34,0,122
G034.401+00.226,6969,G034.401+00.226_6969,283.3353269949239,1.4031113844006147,0.0005910921026952565,25.706511551049328,2.2993866807693258e-05,158,0,210
G034.401+00.226,7639,G034.401+00.226_7639,283.33539145869753,1.4031113841829397,0.0006712852627970278,29.194100688294412,2.2993866807693258e-05,100,0,212
G034.401+00.226,7933,G034.401+00.226_7933,283.33537256414314,1.403111384246929,0.0010111958254128695,43.9767627546031,2.2993866807693258e-05,117,0,231
G034.401+00.226,8146,G034.401+00.226_8146,283.33512248915935,1.4031113850793868,0.000666742620524019,28.996541821358257,2.2993866807693258e-05,342,0,517
G035.132-00.744,471,G035.132-00.744_471,284.53330551923494,1.610369697146704,0.00029647190240211785,10.122678903063088,2.9287889623013378e-05,69,0,129
G035.132-00.744,1741,G035.132-00.744_1741,284.5333344195384,1.6103696970336283,0.0003235245530959219,11.046359340336624,2.9287889623013378e-05,43,0,51
G035.132-00.744,1747,G035.132-00.744_1747,284.53329106908325,1.610369697203085,0.0005312758730724454,18.13977995379318,2.9287889623013378e-05,82,0,124
G035.132-00.744,1900,G035.132-00.744_1900,284.5330987709106,1.610369697943635,0.0030149235390126705,102.94096221407675,2.9287889623013378e-05,255,0,811
G035.132-00.744,1972,G035.132-00.744_1972,284.53330774233524,1.6103696971380261,0.0012442197185009718,42.48239577915195,2.9287889623013378e-05,67,0,653
G035.132-00.744,2051,G035.132-00.744_2051,284.5331843602707,1.6103696976162656,0.0009503801120445132,32.449593476265306,2.9287889623013378e-05,178,0,313
G035.132-00.744,2587,G035.132-00.744_2587,284.5332154836743,1.6103696974963397,0.0020791434217244387,70.9898681156843,2.9287889623013378e-05,150,0,597
G035.132-00.744,2609,G035.132-00.744_2609,284.5330554204555,1.6103696981080557,0.0016257616225630045,55.50968825304296,2.9287889623013378e-05,294,0,541
G035.132-00.744,3102,G035.132-00.744_3102,284.5331221134634,1.610369697854715,0.0004808121011592448,16.416754752498104,2.9287889623013378e-05,234,0,265
G035.132-00.744,3513,G035.132-00.744_3513,284.53285089523155,1.6103696988713467,0.0007248116889968514,24.747829165107216,2.9287889623013378e-05,478,0,934
G035.132-00.744,3585,G035.132-00.744_3585,284.5326719356607,1.610369699522289,0.001352430903352797,46.17713740255649,2.9287889623013378e-05,639,0,709
G035.132-00.744,3729,G035.132-00.744_3729,284.5332021450728,1.6103696975478026,0.0005174905527383089,17.66909666074688,2.9287889623013378e-05,162,0,236
G035.132-00.744,3971,G035.132-00.744_3971,284.53327106118087,1.6103696972809924,0.0016938092885538936,57.83309450958046,2.9287889623013378e-05,100,0,434
G035.132-00.744,4576,G035.132-00.744_4576,284.533169910119,1.6103696976717887,0.0016545694088563323,56.493295698445635,2.9287889623013378e-05,191,0,632
G035.132-00.744,4667,G035.132-00.744_4667,284.533365542942,1.6103696969113923,0.00031700986437499523,10.82392307726741,2.9287889623013378e-05,15,0,17
G035.132-00.744,4684,G035.132-00.744_4684,284.5321495071001,1.6103697013323384,0.009733358398079872,332.33389374807484,2.9287889623013378e-05,1109,0,1125
G035.132-00.744,4741,G035.132-00.744_4741,284.53315101376677,1.6103696977442619,0.0007654259097762406,26.134553210511836,2.9287889623013378e-05,208,0,223
G035.132-00.744,4748,G035.132-00.744_4748,284.5332755073814,1.6103696972636943,0.00035903180832974613,12.258712148642891,2.9287889623013378e-05,96,0,98
G035.132-00.744,4765,G035.132-00.744_4765,284.5333321964381,1.6103696970423316,0.00042845355346798897,14.629034696010512,2.9287889623013378e-05,45,0,65
G035.132-00.744,4782,G035.132-00.744_4782,284.5333788815436,1.6103696968588506,0.0002968881162814796,10.136890028709871,2.9287889623013378e-05,3,0,6
G035.132-00.744,4798,G035.132-00.744_4798,284.53332775023756,1.6103696970597525,0.0004387496446724981,14.980582429119247,2.9287889623013378e-05,49,0,93
G035.132-00.744,4799,G035.132-00.744_4799,284.5333533158906,1.6103696969594614,0.0003393093647900969,11.585312877015205,2.9287889623013378e-05,26,0,49
G035.132-00.744,4803,G035.132-00.744_4803,284.53336220829163,1.6103696969245063,0.00031824473990127444,10.866086426766955,2.9287889623013378e-05,18,0,27
G035.132-00.744,4914,G035.132-00.744_4914,284.5332755073814,1.6103696972636943,0.0003667249111458659,12.52138395310349,2.9287889623013378e-05,96,0,98
G035.132-00.744,4936,G035.132-00.744_4936,284.5333766584434,1.6103696968676118,0.0003134232829324901,10.701463538916553,2.9287889623013378e-05,5,0,185
G035.132-00.744,5046,G035.132-00.744_5046,284.531940535676,1.6103697020186991,0.004907658789306879,167.56614602407598,2.9287889623013378e-05,1297,0,1693
G035.522-00.274,1686,G035.522-00.274_1686,284.29301269856774,2.171919324482488,0.0003478461876511574,14.626556631715259,2.378182346054783e-05,110,0,129
G035.522-00.274,2242,G035.522-00.274_2242,284.2930404963153,2.1719193243368555,0.00031243491685017943,13.137550927012992,2.378182346054783e-05,85,0,129
G035.522-00.274,3289,G035.522-00.274_3289,284.2930805250719,2.1719193241262333,0.0009747237781994045,40.98608249348055,2.378182346054783e-05,49,0,309
G035.522-00.274,4926,G035.522-00.274_4926,284.2930638464233,2.1719193242141244,0.0002783755771815777,11.705392466787957,2.378182346054783e-05,64,0,107
G035.522-00.274,5294,G035.522-00.274_5294,284.29298490082016,2.1719193246276114,0.0005359746282920241,22.537154444072122,2.378182346054783e-05,135,0,406
G035.522-00.274,5302,G035.522-00.274_5302,284.2931105466393,2.1719193239675776,0.0002771584549918771,11.654213792801091,2.378182346054783e-05,22,0,25
G035.522-00.274,5544,G035.522-00.274_5544,284.29279587613655,2.171919325600857,0.0009483924368396401,39.87887801845592,2.378182346054783e-05,305,0,395
G035.522-00.274,7942,G035.522-00.274_7942,284.2930582868738,2.1719193242433796,0.00030947267077863216,13.012991677951984,2.378182346054783e-05,69,0,209
G300.918+00.889_eb1,5736,G300.918+00.889_eb1_5736,188.595722369308,-61.92377955801574,0.0004940447979606688,16.901834287344897,2.9230247413476337e-05,99,0,394
G300.918+00.889_eb1,5854,G300.918+00.889_eb1_5854,188.59562793640347,-61.92377956945629,0.00044005821109749377,15.054891765801782,2.9230247413476337e-05,139,0,273
G300.918+00.889_eb1,6320,G300.918+00.889_eb1_6320,188.5956727920331,-61.92377956403007,0.000295108970021829,10.096013415396946,2.9230247413476337e-05,120,0,288
G300.918+00.889_eb1,6796,G300.918+00.889_eb1_6796,188.59571764766275,-61.923779558589274,0.000587098766118288,20.085316344178857,2.9230247413476337e-05,101,0,197
G301.116+00.959_eb1,2897,G301.116+00.959_eb1_2897,189.02409178469208,-61.86640990344252,0.0008512833737768233,29.112789317634636,2.9240872954113372e-05,219,0,274
G301.116+00.959_eb1,3806,G301.116+00.959_eb1_3806,189.02427794033483,-61.86640988109436,0.0007207348244264722,24.6481979370963,2.9240872954113372e-05,140,0,366
G301.116+00.959_eb1,5479,G301.116+00.959_eb1_5479,189.0245159367892,-61.86640985215639,0.0003068407822865993,10.493557520259852,2.9240872954113372e-05,39,0,254
G301.731+01.104_eb1,3676,G301.731+01.104_eb1_3676,190.33906292940938,-61.75208762692016,0.0005891340551897883,20.131856520443876,2.9263771803237495e-05,175,0,325
G309.154-00.349,2304,G309.154-00.349_2304,206.48028243771665,-62.56956025032284,0.00023107393644750118,10.370885656779855,2.228102247915915e-05,64,0,73
G309.154-00.349,2780,G309.154-00.349_2780,206.48023178700763,-62.569560256534494,0.0003630979626905173,16.296288154196954,2.228102247915915e-05,85,0,148
G309.173-00.327,3845,G309.173-00.327_3845,206.51064454082015,-62.54406820376184,0.0008491227054037154,38.028839817178756,2.2328388388544565e-05,32,0,371
G313.766-00.862_eb1,1782,G313.766-00.862_eb1_1782,216.273896157588,-61.75746825010642,0.00045513486838899553,22.281248539698115,2.0426811701242398e-05,93,0,248
G313.766-00.862_eb1,2531,G313.766-00.862_eb1_2531,216.27396894729856,-61.757468241250024,0.00024812828633002937,12.147186254962037,2.0426811701242398e-05,62,0,171
G313.766-00.862_eb1,5068,G313.766-00.862_eb1_5068,216.27410748255406,-61.75746822428779,0.00027571097598411143,13.49750416347854,2.0426811701242398e-05,3,0,14
G313.766-00.862_eb1,5099,G313.766-00.862_eb1_5099,216.27400416812625,-61.757468236950835,0.00039482529973611236,19.32877756503225,2.0426811701242398e-05,47,0,53
G313.766-00.862_eb1,5120,G313.766-00.862_eb1_5120,216.2738139756567,-61.75746826005927,0.00020736755686812103,10.151733902531081,2.0426811701242398e-05,128,0,136
G313.766-00.862_eb1,5180,G313.766-00.862_eb1_5180,216.2740816539471,-61.75746822746084,0.00025058360188268125,12.267386880912026,2.0426811701242398e-05,14,0,79
G313.766-00.862_eb1,5225,G313.766-00.862_eb1_5225,216.2741004383885,-61.757468225153644,0.00024823457351885736,12.152389572561598,2.0426811701242398e-05,6,0,44
G313.766-00.862_eb1,5277,G313.766-00.862_eb1_5277,216.27408635005744,-61.75746822688427,0.00020790292182937264,10.177942836606634,2.0426811701242398e-05,12,0,49
G313.766-00.862_eb1,5285,G313.766-00.862_eb1_5285,216.2740816539471,-61.75746822746084,0.000493127794470638,24.141202341462083,2.0426811701242398e-05,14,0,16
G313.766-00.862_eb1,5291,G313.766-00.862_eb1_5291,216.27410748255406,-61.75746822428779,0.0005051984917372465,24.732126536737958,2.0426811701242398e-05,3,0,16
G313.766-00.862_eb1,5292,G313.766-00.862_eb1_5292,216.27410748255406,-61.75746822428779,0.0002583068562671542,12.645480853551096,2.0426811701242398e-05,3,0,10
G313.766-00.862_eb1,5306,G313.766-00.862_eb1_5306,216.273778754829,-61.75746826430971,0.0002226091455668211,10.897889931265269,2.0426811701242398e-05,143,0,183
G313.766-00.862_eb1,5307,G313.766-00.862_eb1_5307,216.27376231844272,-61.757468266290175,0.00811501033604145,397.27248944816387,2.0426811701242398e-05,150,0,1343
G313.766-00.862_eb1,5314,G313.766-00.862_eb1_5314,216.27395251091232,-61.75746824325323,0.00043188247946090996,21.142921655005125,2.0426811701242398e-05,69,0,85
G313.766-00.862_eb1,5328,G313.766-00.862_eb1_5328,216.2741004383885,-61.757468225153644,0.00028972438303753734,14.183534233094035,2.0426811701242398e-05,6,0,10
G313.766-00.862_eb1,5349,G313.766-00.862_eb1_5349,216.27410748255406,-61.75746822428779,0.0002552813966758549,12.49736867454103,2.0426811701242398e-05,3,0,9
G313.766-00.862_eb1,5370,G313.766-00.862_eb1_5370,216.27408869811262,-61.75746822659595,0.00022692207130603492,11.1090303579894,2.0426811701242398e-05,11,0,39
G313.766-00.862_eb1,5380,G313.766-00.862_eb1_5380,216.27409809033333,-61.75746822544219,0.0002686950610950589,13.154038183977404,2.0426811701242398e-05,7,0,15
G313.766-00.862_eb1,5412,G313.766-00.862_eb1_5412,216.27406286950568,-61.75746822976545,0.0003477802383713424,17.025674072777093,2.0426811701242398e-05,22,0,77
G313.766-00.862_eb1,5454,G313.766-00.862_eb1_5454,216.27407930589192,-61.75746822774905,0.0002198727015638724,10.763926587255872,2.0426811701242398e-05,15,0,92
G313.766-00.862_eb1,5511,G313.766-00.862_eb1_5511,216.27373179372537,-61.75746826996296,0.0002093724615406245,10.249884544042185,2.0426811701242398e-05,163,0,179
G313.766-00.862_eb1,5518,G313.766-00.862_eb1_5518,216.27409809033333,-61.75746822544219,0.0002932533679995686,14.356296630557003,2.0426811701242398e-05,7,0,22
G313.766-00.862_eb1,5552,G313.766-00.862_eb1_5552,216.2740182564573,-61.757468235228636,0.00020834102178923786,10.19939013666857,2.0426811701242398e-05,41,0,81
G313.766-00.862_eb1,5585,G313.766-00.862_eb1_5585,216.27409574227815,-61.75746822573068,0.00021687224216293544,10.617038299214599,2.0426811701242398e-05,8,0,15
G313.766-00.862_eb1,5609,G313.766-00.862_eb1_5609,216.2740722617264,-61.757468228613455,0.0002687012020032853,13.154338813772997,2.0426811701242398e-05,18,0,36
G313.766-00.862_eb1,5646,G313.766-00.862_eb1_5646,216.27401121229175,-61.75746823608988,0.0002827475545927882,13.841981740870063,2.0426811701242398e-05,44,0,88
G313.766-00.862_eb1,5719,G313.766-00.862_eb1_5719,216.27381162760153,-61.75746826034289,0.000250722689088434,12.274195932064353,2.0426811701242398e-05,129,0,164
G313.766-00.862_eb1,5766,G313.766-00.862_eb1_5766,216.27403234478837,-61.757468233504966,0.00022140523651614785,10.838952243471338,2.0426811701242398e-05,35,0,87
G313.766-00.862_eb1,5888,G313.766-00.862_eb1_5888,216.27406756561604,-61.75746822918954,0.00023667316418141127,11.586397703319326,2.0426811701242398e-05,20,0,106
G313.766-00.862_eb1,5966,G313.766-00.862_eb1_5966,216.2740206045125,-61.75746823494146,0.00020794864394702017,10.180181175037333,2.0426811701242398e-05,40,0,68
G313.766-00.862_eb1,5986,G313.766-00.862_eb1_5986,216.27397129535376,-61.75746824096371,0.000237948217545636,11.648818279906283,2.0426811701242398e-05,61,0,82
G313.766-00.862_eb1,6182,G313.766-00.862_eb1_6182,216.27411452671956,-61.757468223421576,0.0002048715396085754,10.029540713694185,2.0426811701242398e-05,0,0,9
G313.766-00.862_eb1,8339,G313.766-00.862_eb1_8339,216.27311425521117,-61.75746834281032,0.00061729148728773,30.219668948638965,2.0426811701242398e-05,426,0,507
G313.766-00.862_eb1,8830,G313.766-00.862_eb1_8830,216.27379988732562,-61.75746826176052,0.00021294932230375707,10.424990714082172,2.0426811701242398e-05,134,0,179
G316.799-00.056,3380,G316.799-00.056_3380,221.35227710217617,-59.832979964142524,0.0010939002968370914,45.6150274168026,2.39811386462994e-05,462,0,803
G316.799-00.056,3631,G316.799-00.056_3631,221.35316152932498,-59.83297986127146,0.0002680073957890272,11.17575773785805,2.39811386462994e-05,62,0,121
G316.799-00.056,4435,G316.799-00.056_4435,221.35296253321692,-59.832979884934545,0.0004841724003199488,20.189716904650098,2.39811386462994e-05,152,0,352
G316.799-00.056,4735,G316.799-00.056_4735,221.35322343922522,-59.832979853848386,0.000265368988038972,11.06573761792257,2.39811386462994e-05,34,0,200
G316.799-00.056,5822,G316.799-00.056_5822,221.35319027320725,-59.83297985782865,0.00046585581731051207,19.425925690246558,2.39811386462994e-05,49,0,160
G316.811-00.059,3306,G316.811-00.059_3306,221.37584851378006,-59.829188033063865,0.002749692415818572,109.10300291415808,2.5202719836978473e-05,86,0,390
G316.811-00.059,3315,G316.811-00.059_3315,221.37601211417504,-59.829188013451436,0.00102637754753232,40.72487232216804,2.5202719836978473e-05,12,0,37
G316.811-00.059,3331,G316.811-00.059_3331,221.37602758988808,-59.82918801158571,0.000914036005269736,36.26735571327602,2.5202719836978473e-05,5,0,7
G316.811-00.059,3360,G316.811-00.059_3360,221.37601653580734,-59.829188012918564,0.0003031294036190957,12.027646443711669,2.5202719836978473e-05,10,0,21
G316.811-00.059,3774,G316.811-00.059_3774,221.37597895193284,-59.829188017443315,0.0002739043557085097,10.868047475837345,2.5202719836978473e-05,27,0,78
G316.811-00.059,3913,G316.811-00.059_3913,221.37560753481955,-59.829188061582805,0.0005411409074440598,21.471528110631755,2.5202719836978473e-05,195,0,293
G316.811-00.059,4007,G316.811-00.059_4007,221.37595242213905,-59.829188020630845,0.0003140660119242966,12.461592001014349,2.5202719836978473e-05,39,0,98
G316.811-00.059,4936,G316.811-00.059_4936,221.37602980070423,-59.82918801131901,0.000432445463957265,17.158682346766525,2.5202719836978473e-05,4,0,5
G316.811-00.059,4938,G316.811-00.059_4938,221.37599442764588,-59.82918801558148,0.00045177119318395853,17.925493601730285,2.5202719836978473e-05,20,0,26
G316.811-00.059,4945,G316.811-00.059_4945,221.37602758988808,-59.82918801158571,0.0007095216424204409,28.152582221677573,2.5202719836978473e-05,5,0,41
G316.811-00.059,4957,G316.811-00.059_4957,221.37595463295523,-59.82918802036541,0.0015843966975808144,62.866099684055605,2.5202719836978473e-05,38,0,158
G316.811-00.059,4975,G316.811-00.059_4975,221.37599442764588,-59.82918801558148,0.0003415048122406006,13.550315777407905,2.5202719836978473e-05,20,0,29
G316.811-00.059,4983,G316.811-00.059_4983,221.37602316825578,-59.82918801211894,0.00041048042476177216,16.28714787201254,2.5202719836978473e-05,7,0,9
G316.811-00.059,4989,G316.811-00.059_4989,221.37593694642604,-59.82918802248776,0.002847452647984028,112.98195855060561,2.5202719836978473e-05,46,0,183
G316.811-00.059,4994,G316.811-00.059_4994,221.37602537907193,-59.829188011852345,0.0002857790677808225,11.339215355698064,2.5202719836978473e-05,6,0,7
G316.811-00.059,5002,G316.811-00.059_5002,221.37602980070423,-59.82918801131901,0.0003760369145311415,14.920489413980018,2.5202719836978473e-05,4,0,14
G316.811-00.059,5003,G316.811-00.059_5003,221.37602316825578,-59.82918801211894,0.000513120146933943,20.359713167984033,2.5202719836978473e-05,7,0,8
G316.811-00.059,5010,G316.811-00.059_5010,221.37602537907193,-59.829188011852345,0.00044931250158697367,17.82793700415317,2.5202719836978473e-05,6,0,7
G316.811-00.059,5011,G316.811-00.059_5011,221.37603864396883,-59.829188010251926,0.0006561888731084764,26.036430883371917,2.5202719836978473e-05,0,0,5
G316.811-00.059,5015,G316.811-00.059_5015,221.37603422233653,-59.82918801078554,0.0005532131181098521,21.95053239048251,2.5202719836978473e-05,2,0,8
G316.811-00.059,5018,G316.811-00.059_5018,221.37602095743964,-59.82918801238553,0.0004391747934278101,17.425690412327427,2.5202719836978473e-05,8,0,12
G316.811-00.059,5034,G316.811-00.059_5034,221.37593031397756,-59.829188023283024,0.00028764252783730626,11.413154203113635,2.5202719836978473e-05,49,0,58
G317.879-00.254,3137,G317.879-00.254_3137,223.44758776982587,-59.53721848035678,0.0004004218790214509,14.329225183152843,2.7944419457671368e-05,42,0,74
G317.879-00.254,3265,G317.879-00.254_3265,223.4474672299937,-59.537218494722765,0.0008567089098505676,30.65760271557124,2.7944419457671368e-05,97,0,145
G317.879-00.254,3287,G317.879-00.254_3287,223.44753297899305,-59.53721848690051,0.00036470656050369143,13.051141071516208,2.7944419457671368e-05,67,0,70
G317.879-00.254,5765,G317.879-00.254_5765,223.4476513271919,-59.53721847273733,0.0005435721832327545,19.451904665835947,2.7944419457671368e-05,13,0,81
G317.879-00.254,5848,G317.879-00.254_5848,223.4475724283927,-59.53721848219133,0.00039048027247190475,13.973461608797502,2.7944419457671368e-05,49,0,83
G317.879-00.254,5963,G317.879-00.254_5963,223.44750887102663,-59.537218489772485,0.00047396644367836416,16.96104098338138,2.7944419457671368e-05,78,0,138
G317.879-00.254,6169,G317.879-00.254_6169,223.44767981842494,-59.53721846931174,0.0002812734164763242,10.065459291519057,2.7944419457671368e-05,0,0,54
G317.887-00.252,3827,G317.887-00.252_3827,223.45977665995804,-59.53181034238619,0.0006694463081657887,24.036393593572477,2.785136237512785e-05,82,0,122
G317.887-00.252,3969,G317.887-00.252_3969,223.45970653894477,-59.53181035070936,0.00033259857445955276,11.941914006927497,2.785136237512785e-05,114,0,152
G317.887-00.252,6689,G317.887-00.252_6689,223.4597788512397,-59.53181034212547,0.0004993668990209699,17.92971174246472,2.785136237512785e-05,81,0,85
G319.872+00.787,2057,G319.872+00.787_2057,225.8884925841221,-57.68294897490754,0.0007292298832908273,30.704327973398335,2.375006819633436e-05,223,0,317
G319.872+00.787,3241,G319.872+00.787_3241,225.88851752470669,-57.68294897205353,0.0005077886744402349,21.380514373369596,2.375006819633436e-05,211,0,212
G319.872+00.787,3322,G319.872+00.787_3322,225.8889539849368,-57.682948921314534,0.00030564519693143666,12.869234496708124,2.375006819633436e-05,1,0,111
G319.872+00.787,4837,G319.872+00.787_4837,225.8885694842579,-57.68294896609193,0.00047242891741916537,19.89168677385445,2.375006819633436e-05,186,0,264
G319.872+00.787,4990,G319.872+00.787_4990,225.88877524408082,-57.68294894227499,0.000352163624484092,14.827899506345238,2.375006819633436e-05,87,0,128
G319.872+00.787,5414,G319.872+00.787_5414,225.88867963850657,-57.682948953382976,0.0003324371646158397,13.997314107382177,2.375006819633436e-05,133,0,242
G320.169+00.824,1744,G320.169+00.824_1744,226.33719066176346,-57.50576019061369,0.003682665526866913,149.6925242281462,2.4601532680778143e-05,784,0,792
G320.169+00.824,1979,G320.169+00.824_1979,226.33825789466013,-57.50576007412101,0.0005906670703552663,24.009360636980592,2.4601532680778143e-05,268,0,359
G320.169+00.824,4071,G320.169+00.824_4071,226.33845644961707,-57.50576005145425,0.0004603383131325245,18.71177373807281,2.4601532680778143e-05,172,0,183
G320.169+00.824,4747,G320.169+00.824_4747,226.33837371838507,-57.50576006093662,0.00044343070476315916,18.024515403856274,2.4601532680778143e-05,212,0,217
G320.169+00.824,4774,G320.169+00.824_4774,226.33851642976026,-57.505760044545674,0.002086831256747246,84.82525393134325,2.4601532680778143e-05,143,0,540
G320.169+00.824,5383,G320.169+00.824_5383,226.3387253261209,-57.50576002026276,0.0004905113601125777,19.93824394915963,2.4601532680778143e-05,42,0,475
G320.169+00.824,5727,G320.169+00.824_5727,226.33837785494663,-57.5057600604638,0.002028056187555194,82.4361723259531,2.4601532680778143e-05,210,0,783
G320.169+00.824,5844,G320.169+00.824_5844,226.33877082829844,-57.50576001492764,0.00036546410410664976,14.855338846111687,2.4601532680778143e-05,20,0,293
G322.158+00.636,3628,G322.158+00.636_3628,229.6586580949249,-56.64836023635845,0.0004157882649451494,12.710098450122834,3.271322142600171e-05,110,0,129
G322.158+00.636,4436,G322.158+00.636_4436,229.65886019747344,-56.6483602129855,0.00037307600723579526,11.404441108916906,3.271322142600171e-05,10,0,13
G322.158+00.636,4446,G322.158+00.636_4446,229.65887030260086,-56.64836021180825,0.00037369815981946886,11.423459492205172,3.271322142600171e-05,5,0,7
G322.158+00.636,4448,G322.158+00.636_4448,229.65887232362635,-56.6483602115727,0.0003959655878134072,12.104145374649,3.271322142600171e-05,4,0,31
G322.158+00.636,4449,G322.158+00.636_4449,229.65887838670278,-56.64836021086585,0.000595845456700772,18.214209140135964,3.271322142600171e-05,1,0,22
G322.158+00.636,4476,G322.158+00.636_4476,229.65887636567732,-56.64836021110151,0.0010537980124354362,32.213214306000374,3.271322142600171e-05,2,0,21
G322.158+00.636,4484,G322.158+00.636_4484,229.65887232362635,-56.6483602115727,0.0006033268291503191,18.44290482106944,3.271322142600171e-05,4,0,11
G322.158+00.636,4488,G322.158+00.636_4488,229.65887838670278,-56.64836021086585,0.0005905927973799407,18.053642277813555,3.271322142600171e-05,1,0,9
G322.158+00.636,4492,G322.158+00.636_4492,229.6588258400402,-56.648360216981985,0.0004605372087098658,14.07801459576871,3.271322142600171e-05,27,0,34
G322.158+00.636,4495,G322.158+00.636_4495,229.65886626054987,-56.648360212279236,0.0005734892329201102,17.530808887695763,3.271322142600171e-05,7,0,16
G322.158+00.636,4512,G322.158+00.636_4512,229.65834685699977,-56.64836027171258,0.012717865407466888,388.7683588800657,3.271322142600171e-05,264,0,483
G322.158+00.636,4515,G322.158+00.636_4515,229.65876723030115,-56.64836022377771,0.0011945734731853008,36.516534328099176,3.271322142600171e-05,56,0,82
G322.158+00.636,4521,G322.158+00.636_4521,229.65887838670278,-56.64836021086585,0.00172715715598315,52.79691454080826,3.271322142600171e-05,1,0,6
G322.158+00.636,4526,G322.158+00.636_4526,229.658850092346,-56.6483602141619,0.0011392355663701892,34.82492755863785,3.271322142600171e-05,15,0,26
G322.158+00.636,4543,G322.158+00.636_4543,229.65886019747344,-56.6483602129855,0.0013340804725885391,40.78107916110522,3.271322142600171e-05,10,0,11
G322.158+00.636,4554,G322.158+00.636_4554,229.65887838670278,-56.64836021086585,0.0012876478722319007,39.36169585574441,3.271322142600171e-05,1,0,5
G322.158+00.636,4560,G322.158+00.636_4560,229.6588682815754,-56.64836021204377,0.0010315014515072107,31.53163786820867,3.271322142600171e-05,6,0,9
G322.158+00.636,4570,G322.158+00.636_4570,229.65887030260086,-56.64836021180825,0.0007437283638864756,22.73479441848341,3.271322142600171e-05,5,0,16
G322.158+00.636,4577,G322.158+00.636_4577,229.65886221849894,-56.64836021275012,0.0008607359486632049,26.311561843892857,3.271322142600171e-05,9,0,27
G322.158+00.636,4579,G322.158+00.636_4579,229.65888040772828,-56.648360210630194,0.0006809156620875001,20.814693032532787,3.271322142600171e-05,0,0,5
G322.158+00.636,4588,G322.158+00.636_4588,229.65887636567732,-56.64836021110151,0.002075597643852234,63.448280339718245,3.271322142600171e-05,2,0,30
G322.158+00.636,4591,G322.158+00.636_4591,229.65887838670278,-56.64836021086585,0.0010373168624937534,31.709407306161985,3.271322142600171e-05,1,0,12
G322.158+00.636,4598,G322.158+00.636_4598,229.6588682815754,-56.64836021204377,0.0010311517398804426,31.520947645371425,3.271322142600171e-05,6,0,22
G322.158+00.636,4604,G322.158+00.636_4604,229.6587712723521,-56.648360223309915,0.0011664362391456962,35.656416222542006,3.271322142600171e-05,54,0,64
G322.158+00.636,4620,G322.158+00.636_4620,229.65884605029507,-56.64836021463226,0.0007933498709462583,24.251658392642238,3.271322142600171e-05,17,0,19
G322.158+00.636,4624,G322.158+00.636_4624,229.65886019747344,-56.6483602129855,0.001851963810622692,56.61208923773802,3.271322142600171e-05,10,0,48
G322.158+00.636,4700,G322.158+00.636_4700,229.65884605029507,-56.64836021463226,0.0003882629389408976,11.868685565533802,3.271322142600171e-05,17,0,18
G322.158+00.636,4704,G322.158+00.636_4704,229.6588420082441,-56.648360215102485,0.0005047110607847571,15.428350947534431,3.271322142600171e-05,19,0,31
G322.158+00.636,4730,G322.158+00.636_4730,229.65888040772828,-56.648360210630194,0.0004569177981466055,13.967373992199676,3.271322142600171e-05,0,0,7
G322.158+00.636,4933,G322.158+00.636_4933,229.6588116928618,-56.648360218624845,0.0007355007692240179,22.483287709458473,3.271322142600171e-05,34,0,163
G322.158+00.636,5039,G322.158+00.636_5039,229.65872276774044,-56.64836022891471,0.00034945079823955894,10.682249653401673,3.271322142600171e-05,78,0,79
G322.158+00.636,6109,G322.158+00.636_6109,229.6586399056955,-56.64836023844596,0.0007852884009480476,24.00522989533127,3.271322142600171e-05,119,0,521
G322.158+00.636,6361,G322.158+00.636_6361,229.6577142760207,-56.64836034117622,0.0019554123282432556,59.77437387713274,3.271322142600171e-05,577,0,853
G322.158+00.636,6386,G322.158+00.636_6386,229.658854134397,-56.64836021369145,0.0003339360991958529,10.207985781871907,3.271322142600171e-05,13,0,33
G322.158+00.636,6397,G322.158+00.636_6397,229.65880360875988,-56.64836021956294,0.0005079112015664577,15.526175027285776,3.271322142600171e-05,38,0,82
G322.158+00.636,6413,G322.158+00.636_6413,229.65885615542246,-56.64836021345615,0.000362878548912704,11.09271826785834,3.271322142600171e-05,12,0,39
G322.158+00.636,7305,G322.158+00.636_7305,229.6579002103662,-56.648360321091594,0.0028873092960566282,88.2612341492509,3.271322142600171e-05,485,0,606
G322.164+00.622,1711,G322.164+00.622_1711,229.68090309875987,-56.657187796832325,0.0008447617292404175,29.78515102358361,2.8361841394443256e-05,110,0,189
G322.164+00.622,3686,G322.164+00.622_3686,229.6810749261511,-56.65718777697953,0.000398459960706532,14.049156934662204,2.8361841394443256e-05,25,0,143
G322.164+00.622,6058,G322.164+00.622_6058,229.68071307787997,-56.657187818511694,0.0017044187989085913,60.09549151637688,2.8361841394443256e-05,204,0,355
G322.164+00.622,6697,G322.164+00.622_6697,229.68076967984422,-56.65718781208428,0.0002937675453722477,10.357844587263068,2.8361841394443256e-05,176,0,228
G322.164+00.622,6716,G322.164+00.622_6716,229.67951432913398,-56.65718794860603,0.00206802599132061,72.91578718601058,2.8361841394443256e-05,797,0,813
G322.164+00.622,6926,G322.164+00.622_6926,229.6802117461961,-56.65718787431965,0.0019511348800733685,68.79436539179156,2.8361841394443256e-05,452,0,567
G322.164+00.622,7076,G322.164+00.622_7076,229.68111535612547,-56.65718777227389,0.0007171699544414878,25.286438368631384,2.8361841394443256e-05,5,0,403
G326.774-00.126_eb1,3288,G326.774-00.126_eb1_3288,237.11126150169287,-54.59931881715917,0.0002918490790762007,11.225515556823549,2.599872385360485e-05,21,0,71
G326.774-00.126_eb1,4405,G326.774-00.126_eb1_4405,237.11115025456678,-54.59931882973129,0.0003268496075179428,12.57175580456898,2.599872385360485e-05,79,0,88
G326.774-00.126_eb1,4716,G326.774-00.126_eb1_4716,237.11108504073425,-54.599318837053765,0.00040291130426339805,15.497349274992681,2.599872385360485e-05,113,0,142
G326.774-00.126_eb1,4933,G326.774-00.126_eb1_4933,237.1112998627708,-54.5993188128003,0.0002996906987391412,11.527131117152415,2.599872385360485e-05,1,0,64
G326.774-00.126_eb1,4941,G326.774-00.126_eb1_4941,237.11127684612404,-54.59931881541708,0.00029204352176748216,11.232994488957923,2.599872385360485e-05,13,0,84
G326.774-00.126_eb1,4964,G326.774-00.126_eb1_4964,237.11102749911728,-54.59931884348563,0.0005238418816588819,20.148753631469056,2.599872385360485e-05,143,0,252
G326.774-00.126_eb1,5129,G326.774-00.126_eb1_5129,237.11109079489594,-54.59931883640906,0.0007792637916281819,29.97315545240245,2.599872385360485e-05,110,0,309
G326.944-00.167_eb1,2398,G326.944-00.167_eb1_2398,237.3840611925299,-54.52559927248162,0.0008578214910812676,33.01604193202558,2.5981960310305408e-05,341,0,353
G326.944-00.167_eb1,2533,G326.944-00.167_eb1_2533,237.38452643771143,-54.525599221197304,0.0006605242379009724,25.42241732387621,2.5981960310305408e-05,98,0,135
G326.944-00.167_eb1,2563,G326.944-00.167_eb1_2563,237.38463939847554,-54.52559920847622,0.00045514386147260666,17.517687504590626,2.5981960310305408e-05,39,0,111
G326.944-00.167_eb1,3596,G326.944-00.167_eb1_3596,237.38467194649232,-54.525599204791284,0.0003393783117644489,13.062074905481204,2.5981960310305408e-05,22,0,86
G326.944-00.167_eb1,3730,G326.944-00.167_eb1_3730,237.38447474380243,-54.525599226983715,0.0005750423297286034,22.13236887674408,2.5981960310305408e-05,125,0,152
G327.166-00.356_eb1,876,G327.166-00.356_eb1_876,237.88636085757872,-54.533749007036,0.0004315641999710351,16.579009094854467,2.6030759588941733e-05,260,0,472
G327.166-00.356_eb1,3988,G327.166-00.356_eb1_3988,237.88625936409048,-54.53374901811743,0.0006844504387117922,26.29390957160379,2.6030759588941733e-05,313,0,514
G327.166-00.356_eb1,4297,G327.166-00.356_eb1_4297,237.8867802363316,-54.533748960345896,0.000339394377078861,13.038204894452674,2.6030759588941733e-05,41,0,165
G327.166-00.356_eb1,6069,G327.166-00.356_eb1_6069,237.88672661713034,-54.533748966396274,0.0005081283743493259,19.520305299319297,2.6030759588941733e-05,69,0,135
G327.293-00.579_eb1,2676,G327.293-00.579_eb1_2676,238.29549016942244,-54.62636015045542,0.000662625883705914,18.299488865085117,3.621007606229836e-05,104,0,157
G327.293-00.579_eb1,4888,G327.293-00.579_eb1_4888,238.2950851910601,-54.626360195216385,0.000894852913916111,24.712815084302587,3.621007606229836e-05,315,0,504
G327.293-00.579_eb1,4984,G327.293-00.579_eb1_4984,238.29565139303568,-54.626360132259876,0.0008444148115813732,23.319885054330808,3.621007606229836e-05,20,0,131
G327.293-00.579_eb1,5067,G327.293-00.579_eb1_5067,238.29568210229536,-54.62636012876979,0.00039060795097611845,10.7872723134878,3.621007606229836e-05,4,0,6
G327.293-00.579_eb1,5071,G327.293-00.579_eb1_5071,238.2956725056517,-54.62636012986128,0.00041311400127597153,11.408813407771394,3.621007606229836e-05,9,0,12
G327.293-00.579_eb1,5087,G327.293-00.579_eb1_5087,238.2956859409528,-54.62636012833297,0.0003767106682062149,10.403476301957925,3.621007606229836e-05,2,0,15
G327.293-00.579_eb1,5110,G327.293-00.579_eb1_5110,238.29568402162408,-54.62636012855141,0.00037605356192216277,10.38532924579263,3.621007606229836e-05,3,0,18
G327.293-00.579_eb1,5116,G327.293-00.579_eb1_5116,238.29568210229536,-54.62636012876979,0.00040273350896313787,11.122139270578907,3.621007606229836e-05,4,0,31
G327.293-00.579_eb1,5117,G327.293-00.579_eb1_5117,238.29568018296663,-54.62636012898815,0.00046092894626781344,12.72930069174113,3.621007606229836e-05,5,0,34
G327.293-00.579_eb1,5144,G327.293-00.579_eb1_5144,238.29566482833678,-54.62636013073392,0.0005444055423140526,15.034642329317922,3.621007606229836e-05,13,0,50
G327.293-00.579_eb1,5158,G327.293-00.579_eb1_5158,238.29566866699426,-54.62636013029766,0.0004689890774898231,12.951894292708507,3.621007606229836e-05,11,0,17
G327.293-00.579_eb1,5159,G327.293-00.579_eb1_5159,238.29568977961026,-54.62636012789605,0.0004244197625666857,11.721040349003523,3.621007606229836e-05,0,0,18
G327.293-00.579_eb1,5172,G327.293-00.579_eb1_5172,238.2956859409528,-54.62636012833297,0.0005485209403559566,15.148295723329676,3.621007606229836e-05,2,0,15
G327.293-00.579_eb1,5185,G327.293-00.579_eb1_5185,238.29568977961026,-54.62636012789605,0.000561460095923394,15.505631497636696,3.621007606229836e-05,0,0,5
G327.293-00.579_eb1,5198,G327.293-00.579_eb1_5198,238.29568786028153,-54.626360128114534,0.0005918488604947925,16.344866535948007,3.621007606229836e-05,1,0,5
G327.293-00.579_eb1,5199,G327.293-00.579_eb1_5199,238.29567442498043,-54.62636012964303,0.0006294166087172925,17.382360855425986,3.621007606229836e-05,8,0,26
G327.293-00.579_eb1,5203,G327.293-00.579_eb1_5203,238.2956859409528,-54.62636012833297,0.0005467080627568066,15.098230167100771,3.621007606229836e-05,2,0,15
G327.293-00.579_eb1,5212,G327.293-00.579_eb1_5212,238.29567634430916,-54.62636012942477,0.0006128763779997826,16.92557554823544,3.621007606229836e-05,7,0,37
G327.293-00.579_eb1,5213,G327.293-00.579_eb1_5213,238.29568977961026,-54.62636012789605,0.0006053587421774864,16.71796383791033,3.621007606229836e-05,0,0,8
G327.293-00.579_eb1,5226,G327.293-00.579_eb1_5226,238.29568210229536,-54.62636012876979,0.0005433739861473441,15.006154232111673,3.621007606229836e-05,4,0,7
G327.293-00.579_eb1,5227,G327.293-00.579_eb1_5227,238.2956321997484,-54.62636013443723,0.0007972142193466425,22.016364118513838,3.621007606229836e-05,30,0,138
G327.293-00.579_eb1,5240,G327.293-00.579_eb1_5240,238.2956782636379,-54.626360129206475,0.00045570917427539825,12.58514821927919,3.621007606229836e-05,6,0,7
G327.293-00.579_eb1,5259,G327.293-00.579_eb1_5259,238.29563603840586,-54.62636013400199,0.0004936449695378542,13.63280675490857,3.621007606229836e-05,28,0,30
G327.293-00.579_eb1,5262,G327.293-00.579_eb1_5262,238.29566290900806,-54.626360130952015,0.0005703038768842816,15.749866857586566,3.621007606229836e-05,14,0,15
G327.293-00.579_eb1,5272,G327.293-00.579_eb1_5272,238.29568402162408,-54.62636012855141,0.0005147063639014959,14.214451331611647,3.621007606229836e-05,3,0,5
G327.293-00.579_eb1,5277,G327.293-00.579_eb1_5277,238.29564179639206,-54.62636013334896,0.0007053448352962732,19.479242023207807,3.621007606229836e-05,25,0,26
G327.293-00.579_eb1,5280,G327.293-00.579_eb1_5280,238.29561492578986,-54.626360136394275,0.0004960494115948677,13.69920932343333,3.621007606229836e-05,39,0,83
G327.293-00.579_eb1,5282,G327.293-00.579_eb1_5282,238.29568977961026,-54.62636012789605,0.0005578323034569621,15.405444122714027,3.621007606229836e-05,0,0,12
G327.293-00.579_eb1,5289,G327.293-00.579_eb1_5289,238.29568977961026,-54.62636012789605,0.000815337582025677,22.51687018339627,3.621007606229836e-05,0,0,13
G327.293-00.579_eb1,5294,G327.293-00.579_eb1_5294,238.29566482833678,-54.62636013073392,0.0006615320453420281,18.2692807439532,3.621007606229836e-05,13,0,22
G327.293-00.579_eb1,5303,G327.293-00.579_eb1_5303,238.29566290900806,-54.626360130952015,0.0006785602308809757,18.739541715226807,3.621007606229836e-05,14,0,16
G327.293-00.579_eb1,5308,G327.293-00.579_eb1_5308,238.2956782636379,-54.626360129206475,0.0006905447808094323,19.070514506000222,3.621007606229836e-05,6,0,8
G327.293-00.579_eb1,5323,G327.293-00.579_eb1_5323,238.2956859409528,-54.62636012833297,0.0006039763684384525,16.67978734425548,3.621007606229836e-05,2,0,5
G327.293-00.579_eb1,5324,G327.293-00.579_eb1_5324,238.29566482833678,-54.62636013073392,0.0004692068323493004,12.957907946452362,3.621007606229836e-05,13,0,15
G327.293-00.579_eb1,5329,G327.293-00.579_eb1_5329,238.29541339627323,-54.626360159044694,0.001778474310413003,49.115453592342384,3.621007606229836e-05,144,0,324
G327.293-00.579_eb1,5332,G327.293-00.579_eb1_5332,238.29568977961026,-54.62636012789605,0.0006700389203615487,18.504211899714505,3.621007606229836e-05,0,0,11
G327.293-00.579_eb1,5338,G327.293-00.579_eb1_5338,238.29566098967933,-54.62636013117005,0.0007098973728716373,19.604967734679153,3.621007606229836e-05,15,0,22
G327.293-00.579_eb1,5348,G327.293-00.579_eb1_5348,238.2956321997484,-54.62636013443723,0.0005542375147342682,15.30616819972206,3.621007606229836e-05,30,0,46
G327.293-00.579_eb1,5359,G327.293-00.579_eb1_5359,238.29568402162408,-54.62636012855141,0.0004889726405963302,13.503772810503554,3.621007606229836e-05,3,0,6
G327.293-00.579_eb1,5368,G327.293-00.579_eb1_5368,238.29561492578986,-54.626360136394275,0.0011005229316651821,30.392726316613228,3.621007606229836e-05,39,0,66
G327.293-00.579_eb1,5394,G327.293-00.579_eb1_5394,238.2956456350495,-54.62636013291341,0.0003701136156450957,10.221287992003282,3.621007606229836e-05,23,0,52
G327.293-00.579_eb1,5396,G327.293-00.579_eb1_5396,238.29568018296663,-54.62636012898815,0.0009246335830539465,25.535256580603196,3.621007606229836e-05,5,0,6
G327.293-00.579_eb1,5431,G327.293-00.579_eb1_5431,238.29536541305495,-54.62636016438832,0.004043386783450842,111.66468627390661,3.621007606229836e-05,169,0,399
G327.293-00.579_eb1,5432,G327.293-00.579_eb1_5432,238.29564947370696,-54.62636013247775,0.0004034979792777449,11.143251358642235,3.621007606229836e-05,21,0,38
G327.293-00.579_eb1,5447,G327.293-00.579_eb1_5447,238.29566482833678,-54.62636013073392,0.00036445495788939297,10.065014977111868,3.621007606229836e-05,13,0,26
G327.293-00.579_eb1,5501,G327.293-00.579_eb1_5501,238.2955016853948,-54.62636014916282,0.00043698836816474795,12.068142784702314,3.621007606229836e-05,98,0,140
G327.293-00.579_eb1,5549,G327.293-00.579_eb1_5549,238.2956321997484,-54.62636013443723,0.0004416569136083126,12.197072241672593,3.621007606229836e-05,30,0,109
G327.293-00.579_eb1,5555,G327.293-00.579_eb1_5555,238.29560724847494,-54.626360137263276,0.00427848007529974,118.15716895868272,3.621007606229836e-05,43,0,246
G327.293-00.579_eb1,5579,G327.293-00.579_eb1_5579,238.29562644176224,-54.626360135089854,0.00048127968329936266,13.291319313202637,3.621007606229836e-05,33,0,49
G327.293-00.579_eb1,5594,G327.293-00.579_eb1_5594,238.29566098967933,-54.62636013117005,0.0006924087065272033,19.121989838848577,3.621007606229836e-05,15,0,40
G327.293-00.579_eb1,5618,G327.293-00.579_eb1_5618,238.29568210229536,-54.62636012876979,0.0004765148332808167,13.159730249143555,3.621007606229836e-05,4,0,15
G327.293-00.579_eb1,5637,G327.293-00.579_eb1_5637,238.29564371572081,-54.62636013313121,0.0005048358580097556,13.941861296872188,3.621007606229836e-05,24,0,25
G327.293-00.579_eb1,5638,G327.293-00.579_eb1_5638,238.29568210229536,-54.62636012876979,0.0004537609638646245,12.531345227884698,3.621007606229836e-05,4,0,5
G327.293-00.579_eb1,5639,G327.293-00.579_eb1_5639,238.29557653921526,-54.62636014073444,0.0004845513612963259,13.381672009268074,3.621007606229836e-05,59,0,60
G327.293-00.579_eb1,5644,G327.293-00.579_eb1_5644,238.29563795773458,-54.62636013378435,0.00037098853499628603,10.245450309411426,3.621007606229836e-05,27,0,28
G327.293-00.579_eb1,5648,G327.293-00.579_eb1_5648,238.29561108713241,-54.626360136828836,0.0006072864052839577,16.77119938215925,3.621007606229836e-05,41,0,88
G327.293-00.579_eb1,5665,G327.293-00.579_eb1_5665,238.29568786028153,-54.626360128114534,0.00038601300911977887,10.6603755389979,3.621007606229836e-05,1,0,5
G327.293-00.579_eb1,5672,G327.293-00.579_eb1_5672,238.29566098967933,-54.62636013117005,0.0006882702582515776,19.007699875234426,3.621007606229836e-05,15,0,34
G327.293-00.579_eb1,5678,G327.293-00.579_eb1_5678,238.29567634430916,-54.62636012942477,0.00036829139571636915,10.170964432185526,3.621007606229836e-05,7,0,21
G327.293-00.579_eb1,5694,G327.293-00.579_eb1_5694,238.29568018296663,-54.62636012898815,0.0004906818503513932,13.55097541102067,3.621007606229836e-05,5,0,11
G327.293-00.579_eb1,5695,G327.293-00.579_eb1_5695,238.29566482833678,-54.62636013073392,0.0004249660996720195,11.736128334579522,3.621007606229836e-05,13,0,92
G327.293-00.579_eb1,5717,G327.293-00.579_eb1_5717,238.29566866699426,-54.62636013029766,0.00047226116294041276,13.042258241266918,3.621007606229836e-05,11,0,18
G327.293-00.579_eb1,5720,G327.293-00.579_eb1_5720,238.29568786028153,-54.626360128114534,0.00046687977737747133,12.89364254784272,3.621007606229836e-05,1,0,12
G327.293-00.579_eb1,5721,G327.293-00.579_eb1_5721,238.29568786028153,-54.626360128114534,0.0003695766208693385,10.206458010016132,3.621007606229836e-05,1,0,8
G327.293-00.579_eb1,5732,G327.293-00.579_eb1_5732,238.29540188030086,-54.62636016032889,0.0009347700397484004,25.815191278255156,3.621007606229836e-05,150,0,199
G327.293-00.579_eb1,5742,G327.293-00.579_eb1_5742,238.29565523169316,-54.62636013182405,0.0007919591153040528,21.87123589416136,3.621007606229836e-05,18,0,20
G327.293-00.579_eb1,5752,G327.293-00.579_eb1_5752,238.29568402162408,-54.62636012855141,0.0003861177247017622,10.663267429691617,3.621007606229836e-05,3,0,10
G327.293-00.579_eb1,5765,G327.293-00.579_eb1_5765,238.29563795773458,-54.62636013378435,0.0008263752097263932,22.82169218050355,3.621007606229836e-05,27,0,105
G327.293-00.579_eb1,5770,G327.293-00.579_eb1_5770,238.29567634430916,-54.62636012942477,0.000790538964793086,21.832016133658136,3.621007606229836e-05,7,0,23
G327.293-00.579_eb1,5787,G327.293-00.579_eb1_5787,238.2956187644473,-54.62636013595959,0.000985967693850398,27.229097562625107,3.621007606229836e-05,37,0,148
G327.293-00.579_eb1,5793,G327.293-00.579_eb1_5793,238.29565523169316,-54.62636013182405,0.0006625561509281397,18.29756308128797,3.621007606229836e-05,18,0,22
G327.293-00.579_eb1,5796,G327.293-00.579_eb1_5796,238.29568210229536,-54.62636012876979,0.00044994382187724113,12.4259286587282,3.621007606229836e-05,4,0,6
G327.293-00.579_eb1,5807,G327.293-00.579_eb1_5807,238.29567442498043,-54.62636012964303,0.00038799497997388244,10.715110879810045,3.621007606229836e-05,8,0,29
G327.293-00.579_eb1,5810,G327.293-00.579_eb1_5810,238.2956782636379,-54.626360129206475,0.000477986061014235,13.200360590015723,3.621007606229836e-05,6,0,13
G327.293-00.579_eb1,5816,G327.293-00.579_eb1_5816,238.29568977961026,-54.62636012789605,0.0004808929516002536,13.280639089873535,3.621007606229836e-05,0,0,7
G327.293-00.579_eb1,5821,G327.293-00.579_eb1_5821,238.29566098967933,-54.62636013117005,0.0004704179591499269,12.991355178061122,3.621007606229836e-05,15,0,26
G327.293-00.579_eb1,5824,G327.293-00.579_eb1_5824,238.29568018296663,-54.62636012898815,0.0008968542679212987,24.768085722280386,3.621007606229836e-05,5,0,15
G327.293-00.579_eb1,5830,G327.293-00.579_eb1_5830,238.29568402162408,-54.62636012855141,0.000917868863325566,25.348437869790715,3.621007606229836e-05,3,0,8
G327.293-00.579_eb1,5843,G327.293-00.579_eb1_5843,238.29469556732698,-54.62636023700505,0.007945835590362549,219.43714165891214,3.621007606229836e-05,518,0,645
G327.293-00.579_eb1,5844,G327.293-00.579_eb1_5844,238.29557845854401,-54.62636014051771,0.001236426061950624,34.1459117573625,3.621007606229836e-05,58,0,81
G327.293-00.579_eb1,5857,G327.293-00.579_eb1_5857,238.2956725056517,-54.62636012986128,0.0003639250062406063,10.05037950250323,3.621007606229836e-05,9,0,10
G327.293-00.579_eb1,5933,G327.293-00.579_eb1_5933,238.2954345088893,-54.62636015668749,0.003207908710464835,88.59160375542221,3.621007606229836e-05,133,0,256
G327.293-00.579_eb1,5956,G327.293-00.579_eb1_5956,238.29565331236444,-54.626360132041995,0.0005417490028776228,14.961277682641699,3.621007606229836e-05,19,0,27
G327.293-00.579_eb1,6034,G327.293-00.579_eb1_6034,238.29567634430916,-54.62636012942477,0.0005124072777107358,14.150958336269559,3.621007606229836e-05,7,0,10
G327.293-00.579_eb1,6040,G327.293-00.579_eb1_6040,238.29565331236444,-54.626360132041995,0.0004385355568956584,12.1108709117642,3.621007606229836e-05,19,0,34
G327.293-00.579_eb1,6065,G327.293-00.579_eb1_6065,238.2954709761351,-54.62636015260726,0.0008111209026537836,22.40041974113156,3.621007606229836e-05,114,0,135
G327.293-00.579_eb1,6067,G327.293-00.579_eb1_6067,238.29567058632298,-54.62636013007948,0.0005943822325207293,16.414829714748798,3.621007606229836e-05,10,0,17
G327.293-00.579_eb1,6408,G327.293-00.579_eb1_6408,238.29568786028153,-54.626360128114534,0.0005157205741852522,14.242460394117103,3.621007606229836e-05,1,0,6
G327.293-00.579_eb1,6414,G327.293-00.579_eb1_6414,238.29568210229536,-54.62636012876979,0.0005285673541948199,14.597245067517546,3.621007606229836e-05,4,0,8
G327.293-00.579_eb1,6431,G327.293-00.579_eb1_6431,238.29568786028153,-54.626360128114534,0.00038450281135737896,10.618668977547943,3.621007606229836e-05,1,0,5
G327.293-00.579_eb1,6451,G327.293-00.579_eb1_6451,238.29563411907714,-54.626360134219645,0.00038614566437900066,10.664039029209674,3.621007606229836e-05,29,0,45
G327.293-00.579_eb1,6548,G327.293-00.579_eb1_6548,238.29537500969863,-54.62636016332111,0.00036768169957213104,10.154126683952434,3.621007606229836e-05,164,0,171
G327.293-00.579_eb1,7625,G327.293-00.579_eb1_7625,238.29567058632298,-54.62636013007948,0.0003846410836558789,10.622487591412826,3.621007606229836e-05,10,0,15
G327.293-00.579_eb1,7626,G327.293-00.579_eb1_7626,238.29564371572081,-54.62636013313121,0.00041399712790735066,11.433202382537969,3.621007606229836e-05,24,0,28
G327.293-00.579_eb1,7644,G327.293-00.579_eb1_7644,238.29558229720146,-54.62636014008419,0.00039744784589856863,10.976167109253552,3.621007606229836e-05,56,0,83
G327.293-00.579_eb1,7881,G327.293-00.579_eb1_7881,238.29532510715163,-54.62636016886233,0.0011907696025446057,32.88503455491013,3.621007606229836e-05,190,0,306
G327.293-00.579_eb1,8631,G327.293-00.579_eb1_8631,238.29506983643023,-54.6263601968869,0.0012202633079141378,33.6995510811607,3.621007606229836e-05,323,0,365
G327.293-00.579_eb1,8750,G327.293-00.579_eb1_8750,238.29552279801086,-54.62636014679027,0.0004892767174169421,13.512170385258404,3.621007606229836e-05,87,0,91
G327.293-00.579_eb1,9249,G327.293-00.579_eb1_9249,238.29514660957955,-54.626360188514894,0.0005495650693774223,15.177131040319052,3.621007606229836e-05,283,0,385
G327.293-00.579_eb1,9522,G327.293-00.579_eb1_9522,238.29544794419039,-54.626360155185516,0.0005590703221969306,15.439634018858916,3.621007606229836e-05,126,0,161
G327.293-00.579_eb1,9585,G327.293-00.579_eb1_9585,238.29563603840586,-54.62636013400199,0.0005808387068100274,16.040803278366816,3.621007606229836e-05,28,0,476
G327.293-00.579_eb1,9638,G327.293-00.579_eb1_9638,238.2953538970826,-54.62636016566798,0.00052135024452582,14.397932874508532,3.621007606229836e-05,175,0,297
G327.293-00.579_eb1,9857,G327.293-00.579_eb1_9857,238.29528863990572,-54.6263601728987,0.0007363194599747658,20.334656538913368,3.621007606229836e-05,209,0,230
G327.301-00.552_eb1,1922,G327.301-00.552_eb1_1922,238.27947315006344,-54.59966032866763,0.0005995440878905356,22.60178588937024,2.652640330393117e-05,154,0,223
G327.301-00.552_eb1,2503,G327.301-00.552_eb1_2503,238.27958248005257,-54.599660316442595,0.0009382363641634583,35.36990497405328,2.652640330393117e-05,97,0,220
G327.301-00.552_eb1,3216,G327.301-00.552_eb1_3216,238.2797224991614,-54.5996603006421,0.00029508446459658444,11.124179226848044,2.652640330393117e-05,24,0,234
G327.301-00.552_eb1,3478,G327.301-00.552_eb1_3478,238.27912214325593,-54.59966036725071,0.0008811987354420125,33.21968400108809,2.652640330393117e-05,337,0,432
G327.301-00.552_eb1,3509,G327.301-00.552_eb1_3509,238.279764696701,-54.59966029584861,0.000541289453394711,20.40568588182827,2.652640330393117e-05,2,0,41
G327.301-00.552_eb1,4659,G327.301-00.552_eb1_4659,238.27969948232158,-54.59966030325052,0.000722126686014235,27.22294001717214,2.652640330393117e-05,36,0,49
G327.301-00.552_eb1,4661,G327.301-00.552_eb1_4661,238.27975510635108,-54.59966029693931,0.0006838467088527977,25.779850401032423,2.652640330393117e-05,7,0,48
G327.301-00.552_eb1,4664,G327.301-00.552_eb1_4664,238.27976661477098,-54.59966029563037,0.0007253312505781651,27.34374661606205,2.652640330393117e-05,1,0,21
G327.301-00.552_eb1,4670,G327.301-00.552_eb1_4670,238.2797531882811,-54.599660297157385,0.0006716141360811889,25.318703345721087,2.652640330393117e-05,8,0,22
G327.301-00.552_eb1,4672,G327.301-00.552_eb1_4672,238.27976086056103,-54.59966029628498,0.0005023504490964115,18.937752070668548,2.652640330393117e-05,4,0,5
G327.301-00.552_eb1,4678,G327.301-00.552_eb1_4678,238.27973400758128,-54.59966029933624,0.000675782619509846,25.475848035896224,2.652640330393117e-05,18,0,21
G327.301-00.552_eb1,4681,G327.301-00.552_eb1_4681,238.27976853284096,-54.59966029541211,0.0006558087188750505,24.722866170773358,2.652640330393117e-05,0,0,8
G327.301-00.552_eb1,4685,G327.301-00.552_eb1_4685,238.27974743407114,-54.59966029781135,0.00041220482671633363,15.53941640686906,2.652640330393117e-05,11,0,12
G327.301-00.552_eb1,4691,G327.301-00.552_eb1_4691,238.27976853284096,-54.59966029541211,0.0004083553794771433,15.394298834950824,2.652640330393117e-05,0,0,6
G327.301-00.552_eb1,4692,G327.301-00.552_eb1_4692,238.279762778631,-54.59966029606682,0.00040693202754482627,15.340640903417148,2.652640330393117e-05,3,0,5
G327.301-00.552_eb1,4708,G327.301-00.552_eb1_4708,238.279762778631,-54.59966029606682,0.00042166883940808475,15.896193486042419,2.652640330393117e-05,3,0,5
G327.301-00.552_eb1,4860,G327.301-00.552_eb1_4860,238.27964194022206,-54.59966030975251,0.0004324671463109553,16.303271173098103,2.652640330393117e-05,66,0,172
G327.848-00.569,661,G327.848-00.569_661,239.0234897685325,-54.26463813212676,0.00024023395963013172,11.051011520117015,2.1738639869555396e-05,4,0,90
G328.254-00.532,4807,G328.254-00.532_4807,239.512547396386,-53.97477993834259,0.00026770183467306197,10.418577179300385,2.5694663490609024e-05,7,0,141
G328.254-00.532,4867,G328.254-00.532_4867,239.51234714216827,-53.974779960765375,0.00034405672340653837,13.390201569765077,2.5694663490609024e-05,113,0,165
G328.254-00.532,4999,G328.254-00.532_4999,239.51232447187945,-53.974779963282806,0.0006315381033346057,24.578570704590955,2.5694663490609024e-05,125,0,161
G328.254-00.532,5078,G328.254-00.532_5078,239.51250394499914,-53.974779943236186,0.00030605372739955783,11.911178658222765,2.5694663490609024e-05,30,0,93
G328.254-00.532,5268,G328.254-00.532_5268,239.5124718287567,-53.974779946843135,0.0004671966307796538,18.182632784835125,2.5694663490609024e-05,47,0,170
G328.254-00.532,5282,G328.254-00.532_5282,239.5125360612416,-53.974779939620696,0.0002809200086630881,10.933009835515445,2.5694663490609024e-05,13,0,34
G328.254-00.532,5310,G328.254-00.532_5310,239.51249072066403,-53.97477994472243,0.00029887002892792225,11.631599263292719,2.5694663490609024e-05,37,0,137
G328.254-00.532,5325,G328.254-00.532_5325,239.5123981503181,-53.97477995508551,0.00031148543348535895,12.122572984822384,2.5694663490609024e-05,86,0,88
G328.254-00.532,5367,G328.254-00.532_5367,239.51248127471035,-53.97477994578315,0.00036710771382786334,14.287313549057965,2.5694663490609024e-05,42,0,126
G328.254-00.532,5401,G328.254-00.532_5401,239.51244915846786,-53.97477994938403,0.0007832552655600011,30.483188302748857,2.5694663490609024e-05,59,0,118
G328.254-00.532,5417,G328.254-00.532_5417,239.51254928557674,-53.974779938129466,0.00028400187147781253,11.05295158201276,2.5694663490609024e-05,6,0,7
G328.254-00.532,5436,G328.254-00.532_5436,239.51254550719528,-53.97477993855567,0.0006143682403489947,23.910343895865232,2.5694663490609024e-05,8,0,35
G328.254-00.532,5448,G328.254-00.532_5448,239.51251716933427,-53.974779941748494,0.0005340061616152525,20.782765332203045,2.5694663490609024e-05,23,0,27
G328.254-00.532,5471,G328.254-00.532_5471,239.512547396386,-53.97477993834259,0.00043856416596099734,17.06829770786005,2.5694663490609024e-05,7,0,68
G328.254-00.532,5528,G328.254-00.532_5528,239.5125360612416,-53.974779939620696,0.0003500677994452417,13.62414415636094,2.5694663490609024e-05,13,0,23
G328.254-00.532,5529,G328.254-00.532_5529,239.51248694228255,-53.97477994514681,0.0004721366858575493,18.374892748842868,2.5694663490609024e-05,39,0,68
G328.254-00.532,5538,G328.254-00.532_5538,239.5124850530918,-53.97477994535894,0.00043229374568909407,16.82426181012607,2.5694663490609024e-05,40,0,56
G328.254-00.532,5563,G328.254-00.532_5563,239.5124944990455,-53.974779944297936,0.0007861468475311995,30.595724587657013,2.5694663490609024e-05,35,0,38
G328.254-00.532,5569,G328.254-00.532_5569,239.51252283690647,-53.974779941110455,0.0005668667145073414,22.061651623284416,2.5694663490609024e-05,20,0,50
G328.254-00.532,5573,G328.254-00.532_5573,239.5125530639582,-53.97477993770314,0.0002725282101891935,10.606412895377986,2.5694663490609024e-05,4,0,29
G328.254-00.532,5574,G328.254-00.532_5574,239.512547396386,-53.97477993834259,0.000747795042116195,29.10312650677452,2.5694663490609024e-05,7,0,19
G328.254-00.532,5584,G328.254-00.532_5584,239.51254550719528,-53.97477993855567,0.0007489187410101295,29.146859280093196,2.5694663490609024e-05,8,0,45
G328.254-00.532,5585,G328.254-00.532_5585,239.5125530639582,-53.97477993770314,0.000646466389298439,25.159558502671647,2.5694663490609024e-05,4,0,98
G328.254-00.532,5613,G328.254-00.532_5613,239.51254550719528,-53.97477993855567,0.0005110333440825343,19.888695731287104,2.5694663490609024e-05,8,0,15
G328.254-00.532,5614,G328.254-00.532_5614,239.51247749632887,-53.974779946207214,0.000565777241718024,22.01925088160062,2.5694663490609024e-05,44,0,74
G328.254-00.532,5615,G328.254-00.532_5615,239.51250205580843,-53.974779943448596,0.0005960001144558191,23.195482387759128,2.5694663490609024e-05,31,0,40
G328.254-00.532,5616,G328.254-00.532_5616,239.51251528014356,-53.97477994196111,0.0004992756876163185,19.431104353586708,2.5694663490609024e-05,24,0,52
G328.254-00.532,5625,G328.254-00.532_5625,239.51255684233968,-53.974779937276686,0.0005058887181803584,19.688474159829042,2.5694663490609024e-05,2,0,18
G328.254-00.532,5631,G328.254-00.532_5631,239.51255117476748,-53.97477993791632,0.0004273469385225326,16.63173906436723,2.5694663490609024e-05,5,0,6
G328.254-00.532,5632,G328.254-00.532_5632,239.51252661528795,-53.97477994068496,0.0005918755778111517,23.034961248956325,2.5694663490609024e-05,18,0,42
G328.254-00.532,5653,G328.254-00.532_5653,239.51255684233968,-53.974779937276686,0.0003329159808345139,12.956619609211431,2.5694663490609024e-05,2,0,7
G328.254-00.532,5661,G328.254-00.532_5661,239.5125360612416,-53.974779939620696,0.00026667307247407734,10.378539208016559,2.5694663490609024e-05,13,0,38
G328.254-00.532,5662,G328.254-00.532_5662,239.51252283690647,-53.974779941110455,0.0007738667773082852,30.11780160464529,2.5694663490609024e-05,20,0,75
G328.254-00.532,5668,G328.254-00.532_5668,239.51252283690647,-53.974779941110455,0.0005772145232185721,22.46437371828335,2.5694663490609024e-05,20,0,37
G328.254-00.532,5677,G328.254-00.532_5677,239.51250205580843,-53.974779943448596,0.0007746189367026091,30.14707458557375,2.5694663490609024e-05,31,0,114
G328.254-00.532,5678,G328.254-00.532_5678,239.51251716933427,-53.974779941748494,0.0006654841126874089,25.899701427521414,2.5694663490609024e-05,23,0,30
G328.254-00.532,5703,G328.254-00.532_5703,239.51255117476748,-53.97477993791632,0.0009088779333978891,35.372245047305995,2.5694663490609024e-05,5,0,23
G328.254-00.532,5704,G328.254-00.532_5704,239.51254550719528,-53.97477993855567,0.0003821930440608412,14.874413288211635,2.5694663490609024e-05,8,0,10
G328.254-00.532,5705,G328.254-00.532_5705,239.5125530639582,-53.97477993770314,0.0004112375318072736,16.00478371540356,2.5694663490609024e-05,4,0,17
G328.254-00.532,5714,G328.254-00.532_5714,239.51255117476748,-53.97477993791632,0.0007638317765668035,29.727253553873993,2.5694663490609024e-05,5,0,17
G328.254-00.532,5726,G328.254-00.532_5726,239.51255495314894,-53.974779937489934,0.0004112709139008075,16.00608289931955,2.5694663490609024e-05,3,0,21
G328.254-00.532,5736,G328.254-00.532_5736,239.51246049361228,-53.974779948114126,0.011409617960453033,444.0462107870399,2.5694663490609024e-05,53,0,295
G328.254-00.532,5749,G328.254-00.532_5749,239.51256062072113,-53.97477993685012,0.00041817675810307264,16.27484859865588,2.5694663490609024e-05,0,0,7
G328.254-00.532,5750,G328.254-00.532_5750,239.51252661528795,-53.97477994068496,0.0005456925136968493,21.237581643997437,2.5694663490609024e-05,18,0,39
G328.254-00.532,5753,G328.254-00.532_5753,239.51248694228255,-53.97477994514681,0.001775161363184452,69.08677219428246,2.5694663490609024e-05,39,0,101
G328.254-00.532,5756,G328.254-00.532_5756,239.51251905852502,-53.97477994153584,0.0002834796905517578,11.03262903814113,2.5694663490609024e-05,22,0,25
G328.254-00.532,5764,G328.254-00.532_5764,239.51250394499914,-53.974779943236186,0.000557387073058635,21.69271737154101,2.5694663490609024e-05,30,0,50
G328.254-00.532,5769,G328.254-00.532_5769,239.51252094771576,-53.97477994132317,0.0005242073093540967,20.401407846640442,2.5694663490609024e-05,21,0,46
G328.254-00.532,5773,G328.254-00.532_5773,239.512547396386,-53.97477993834259,0.00029559520771726966,11.504147848649772,2.5694663490609024e-05,7,0,10
G328.254-00.532,5788,G328.254-00.532_5788,239.51255684233968,-53.974779937276686,0.00047803003690205514,18.60425364499392,2.5694663490609024e-05,2,0,14
G328.254-00.532,5790,G328.254-00.532_5790,239.5125530639582,-53.97477993770314,0.00029393110889941454,11.439383473803481,2.5694663490609024e-05,4,0,6
G328.254-00.532,5791,G328.254-00.532_5791,239.51253228286015,-53.974779940046474,0.0004785428463947028,18.624211465917906,2.5694663490609024e-05,15,0,21
G328.254-00.532,5794,G328.254-00.532_5794,239.51255495314894,-53.974779937489934,0.0008124373271130025,31.618912908119423,2.5694663490609024e-05,3,0,10
G328.254-00.532,5795,G328.254-00.532_5795,239.51255684233968,-53.974779937276686,0.0014563609147444367,56.679509162543134,2.5694663490609024e-05,2,0,52
G328.254-00.532,5837,G328.254-00.532_5837,239.51244538008643,-53.974779949807115,0.0002616127603687346,10.181599010407346,2.5694663490609024e-05,61,0,91
G328.254-00.532,5842,G328.254-00.532_5842,239.5125360612416,-53.974779939620696,0.00047546729911118746,18.504515510972265,2.5694663490609024e-05,13,0,20
G328.254-00.532,5848,G328.254-00.532_5848,239.512547396386,-53.97477993834259,0.0002620104351080954,10.197075949403109,2.5694663490609024e-05,7,0,17
G328.254-00.532,5855,G328.254-00.532_5855,239.51252094771576,-53.97477994132317,0.00028150383150205016,10.955731395545817,2.5694663490609024e-05,21,0,23
G328.254-00.532,5861,G328.254-00.532_5861,239.51253228286015,-53.974779940046474,0.0003883898025378585,15.115582372962718,2.5694663490609024e-05,15,0,21
G328.254-00.532,5862,G328.254-00.532_5862,239.5125587315304,-53.97477993706341,0.0005801508668810129,22.5786520649725,2.5694663490609024e-05,1,0,6
G328.254-00.532,5884,G328.254-00.532_5884,239.51251339095282,-53.974779942173704,0.0002614613331388682,10.175705676566967,2.5694663490609024e-05,25,0,50
G328.254-00.532,5885,G328.254-00.532_5885,239.51246427199376,-53.97477994769057,0.000510507496073842,19.868230469740308,2.5694663490609024e-05,51,0,91
G328.254-00.532,5902,G328.254-00.532_5902,239.5123112475443,-53.97477996474937,0.00031711708288639784,12.341748822758426,2.5694663490609024e-05,132,0,174
G328.254-00.532,5950,G328.254-00.532_5950,239.5125360612416,-53.974779939620696,0.00036800047382712364,14.32205850688108,2.5694663490609024e-05,13,0,35
G328.254-00.532,5951,G328.254-00.532_5951,239.512547396386,-53.97477993834259,0.00035801681224256754,13.933508503562104,2.5694663490609024e-05,7,0,28
G328.254-00.532,5982,G328.254-00.532_5982,239.51254928557674,-53.974779938129466,0.00032736529828980565,12.740594886928653,2.5694663490609024e-05,6,0,17
G328.254-00.532,6037,G328.254-00.532_6037,239.51218089338357,-53.974779979127604,0.0003058298316318542,11.902464951277915,2.5694663490609024e-05,201,0,224
G328.254-00.532,6078,G328.254-00.532_6078,239.51246427199376,-53.97477994769057,0.0004874891310464591,18.972388224684412,2.5694663490609024e-05,51,0,336
G328.254-00.532,6127,G328.254-00.532_6127,239.51205809598574,-53.9747799925433,0.0015886736800894141,61.828935049881004,2.5694663490609024e-05,266,0,271
G328.254-00.532,6248,G328.254-00.532_6248,239.5124378233235,-53.974779950652916,0.00029606756288558245,11.522531244427087,2.5694663490609024e-05,65,0,111
G328.254-00.532,6289,G328.254-00.532_6289,239.5123717016478,-53.97477995803331,0.00026706638163886964,10.393846245018075,2.5694663490609024e-05,100,0,119
G328.254-00.532,6458,G328.254-00.532_6458,239.51253228286015,-53.974779940046474,0.00034416993730701506,13.394607694815832,2.5694663490609024e-05,15,0,95
G328.254-00.532,6467,G328.254-00.532_6467,239.51255684233968,-53.974779937276686,0.0002892613993026316,11.257644973959355,2.5694663490609024e-05,2,0,87
G328.254-00.532,6503,G328.254-00.532_6503,239.5124208206069,-53.97477995255419,0.00029766731313429773,11.584791263878207,2.5694663490609024e-05,74,0,94
G328.254-00.532,7226,G328.254-00.532_7226,239.51225457182227,-53.9747799710181,0.00032197710243053734,12.530893916871676,2.5694663490609024e-05,162,0,316
G328.254-00.532,7353,G328.254-00.532_7353,239.5125303936694,-53.97477994025934,0.0002872859186027199,11.180762056203545,2.5694663490609024e-05,16,0,87
G328.254-00.532,8700,G328.254-00.532_8700,239.51241515303468,-53.974779953187415,0.0005605161422863603,21.814496324936098,2.5694663490609024e-05,77,0,172
G328.254-00.532,9658,G328.254-00.532_9658,239.51254550719528,-53.97477993855567,0.0005057473317719996,19.682971600575424,2.5694663490609024e-05,8,0,371
G328.254-00.532,10254,G328.254-00.532_10254,239.51227724211108,-53.97477996851381,0.0002757787297014147,10.732918522252968,2.5694663490609024e-05,150,0,176
G328.809+00.632,5140,G328.809+00.632_5140,238.9668280580491,-52.726849265359625,0.002504038391634822,64.98075114694079,3.8535079195567425e-05,99,0,164
G328.809+00.632,5164,G328.809+00.632_5164,238.9666537633973,-52.72684928432922,0.0012765011051669717,33.12569045696431,3.8535079195567425e-05,194,0,223
G328.809+00.632,5208,G328.809+00.632_5208,238.9669840058953,-52.726849248170254,0.000426337996032089,11.063633575745431,3.8535079195567425e-05,14,0,15
G328.809+00.632,5217,G328.809+00.632_5217,238.96691612271522,-52.72684925567783,0.0006049894727766514,15.6997075237941,3.8535079195567425e-05,51,0,68
G328.809+00.632,5242,G328.809+00.632_5242,238.9669583203677,-52.72684925101551,0.00044162641279399395,11.460373820765183,3.8535079195567425e-05,28,0,137
G328.809+00.632,5255,G328.809+00.632_5255,238.9669968486591,-52.72684924674553,0.0004838282475247979,12.555527525176366,3.8535079195567425e-05,7,0,9
G328.809+00.632,5751,G328.809+00.632_5751,238.96698033653422,-52.72684924857707,0.00039974087849259377,10.373428233114279,3.8535079195567425e-05,16,0,42
G328.809+00.632,5787,G328.809+00.632_5787,238.9669913446175,-52.726849247356306,0.0005104821757413447,13.247207126541054,3.8535079195567425e-05,10,0,15
G328.809+00.632,5857,G328.809+00.632_5857,238.96698033653422,-52.72684924857707,0.00041384599171578884,10.739461300066365,3.8535079195567425e-05,16,0,26
G328.809+00.632,5867,G328.809+00.632_5867,238.96696749377043,-52.726849249999994,0.003915207926183939,101.60113870050886,3.8535079195567425e-05,23,0,35
G328.809+00.632,5875,G328.809+00.632_5875,238.96678035635492,-52.726849270576686,0.01197305228561163,310.70527258677214,3.8535079195567425e-05,125,0,401
G328.809+00.632,5981,G328.809+00.632_5981,238.9669913446175,-52.726849247356306,0.00046997691970318556,12.19608028617327,3.8535079195567425e-05,10,0,20
G328.809+00.632,6004,G328.809+00.632_6004,238.96698950993695,-52.726849247559834,0.000890594907104969,23.11127745670785,3.8535079195567425e-05,11,0,12
G328.809+00.632,6031,G328.809+00.632_6031,238.9669583203677,-52.72684925101551,0.0009604188962839544,24.923236602415717,3.8535079195567425e-05,28,0,36
G328.809+00.632,6061,G328.809+00.632_6061,238.96695098164554,-52.72684925182742,0.0012034380342811346,31.22967590577996,3.8535079195567425e-05,32,0,116
G328.809+00.632,6070,G328.809+00.632_6070,238.9669418082428,-52.726849252841674,0.0008964334265328944,23.26278926230956,3.8535079195567425e-05,37,0,58
G328.809+00.632,6503,G328.809+00.632_6503,238.9670041873813,-52.7268492459308,0.0008783245575614274,22.792857206907165,3.8535079195567425e-05,3,0,32
G328.809+00.632,6516,G328.809+00.632_6516,238.96698584057586,-52.72684924796681,0.0007717717671766877,20.02777166383668,3.8535079195567425e-05,13,0,27
G328.809+00.632,6535,G328.809+00.632_6535,238.96687392506269,-52.726849260325174,0.000615724828094244,15.978294088080375,3.8535079195567425e-05,74,0,81
G328.809+00.632,6551,G328.809+00.632_6551,238.96687942910432,-52.72684925971983,0.0005040231626480818,13.079593273706262,3.8535079195567425e-05,71,0,82
G328.809+00.632,6556,G328.809+00.632_6556,238.96700051802023,-52.72684924633823,0.0005281624617055058,13.70601728946904,3.8535079195567425e-05,5,0,6
G328.809+00.632,6609,G328.809+00.632_6609,238.96663174723074,-52.7268492867072,0.01248963549733162,324.1108039235135,3.8535079195567425e-05,206,0,269
G328.809+00.632,6614,G328.809+00.632_6614,238.96697666717316,-52.726849248983754,0.0003891026717610657,10.09736271168279,3.8535079195567425e-05,18,0,48
G328.809+00.632,6617,G328.809+00.632_6617,238.9669785018537,-52.72684924878045,0.00041531663737259805,10.777625115673064,3.8535079195567425e-05,17,0,49
G328.809+00.632,6632,G328.809+00.632_6632,238.9669748324926,-52.726849249187076,0.0006250199512578547,16.21950607875613,3.8535079195567425e-05,19,0,81
G328.809+00.632,6635,G328.809+00.632_6635,238.9669968486591,-52.72684924674553,0.00041172164492309093,10.684333690702523,3.8535079195567425e-05,7,0,31
G328.809+00.632,6645,G328.809+00.632_6645,238.96685924761832,-52.726849261938106,0.0004231737111695111,10.981519176900706,3.8535079195567425e-05,82,0,87
G328.809+00.632,6676,G328.809+00.632_6676,238.96694731228445,-52.72684925223321,0.0007884139195084572,20.459641863124705,3.8535079195567425e-05,34,0,58
G328.809+00.632,6709,G328.809+00.632_6709,238.96688676782648,-52.72684925891233,0.0004584984271787107,11.898209027982235,3.8535079195567425e-05,67,0,89
G328.809+00.632,6958,G328.809+00.632_6958,238.9669876752564,-52.726849247763326,0.0009450524230487645,24.52447076214835,3.8535079195567425e-05,12,0,39
G328.809+00.632,6970,G328.809+00.632_6970,238.96700785674238,-52.72684924552325,0.00040289442404173315,10.45526394267997,3.8535079195567425e-05,1,0,25
G328.809+00.632,6999,G328.809+00.632_6999,238.96698950993695,-52.726849247559834,0.0008364717359654605,21.70676052643684,3.8535079195567425e-05,11,0,12
G328.809+00.632,7662,G328.809+00.632_7662,238.96672898529965,-52.72684927617369,0.0006536857690662146,16.96339498223754,3.8535079195567425e-05,153,0,198
G328.809+00.632,9086,G328.809+00.632_9086,238.96687942910432,-52.72684925971983,0.0005219245213083923,13.544140357402657,3.8535079195567425e-05,71,0,256
G329.029-00.206,3469,G329.029-00.206_3469,240.1464657982117,-53.22298828886059,0.0003212827432435006,10.426328624292935,3.081456136869928e-05,25,0,60
G329.029-00.206,3980,G329.029-00.206_3980,240.14646950994333,-53.22298828844691,0.00032499455846846104,10.546785157181663,3.081456136869928e-05,23,0,91
G329.029-00.206,5313,G329.029-00.206_5313,240.1464008429078,-53.22298829608133,0.0003411817888263613,11.072096232170479,3.081456136869928e-05,60,0,142
G329.029-00.206,5324,G329.029-00.206_5324,240.14649363619904,-53.22298828575518,0.00037351256469264627,12.12130071311194,3.081456136869928e-05,10,0,13
G329.029-00.206,5326,G329.029-00.206_5326,240.14650477139398,-53.22298828451119,0.00038956652861088514,12.642287000281556,3.081456136869928e-05,4,0,10
G329.029-00.206,5335,G329.029-00.206_5335,240.1463841401154,-53.22298829793242,0.0014345257077366114,46.55350081321519,3.081456136869928e-05,69,0,474
G329.029-00.206,5372,G329.029-00.206_5372,240.14650105966234,-53.22298828492597,0.0004962116363458335,16.103154298015543,3.081456136869928e-05,6,0,36
G329.029-00.206,5373,G329.029-00.206_5373,240.1464899244674,-53.22298828616961,0.0003746442380361259,12.158025991461324,3.081456136869928e-05,12,0,32
G329.029-00.206,5401,G329.029-00.206_5401,240.1465066272598,-53.22298828430377,0.0006437785923480988,20.892025190468367,3.081456136869928e-05,3,0,77
G329.029-00.206,5407,G329.029-00.206_5407,240.14612617476558,-53.22298832622449,0.00205963640473783,66.83971191717048,3.081456136869928e-05,208,0,217
G329.029-00.206,5525,G329.029-00.206_5525,240.14608905744907,-53.22298833024948,0.0007067144615575671,22.934431975248927,3.081456136869928e-05,228,0,254
G329.029-00.206,5540,G329.029-00.206_5540,240.14646394234586,-53.22298828906739,0.0003702729009091854,12.01616652850688,3.081456136869928e-05,26,0,90
G329.029-00.206,5731,G329.029-00.206_5731,240.14641940156608,-53.22298829402188,0.00041797675658017397,13.564261116004237,3.081456136869928e-05,50,0,103
G329.029-00.206,5828,G329.029-00.206_5828,240.14578840718494,-53.22298836242685,0.001513809198513627,49.12642371899278,3.081456136869928e-05,390,0,393
G329.029-00.206,5998,G329.029-00.206_5998,240.14601111108433,-53.22298833866441,0.0014271202962845564,46.31317899381791,3.081456136869928e-05,270,0,506
G329.029-00.206,6254,G329.029-00.206_6254,240.1464602306142,-53.222988289480895,0.00048033209168352187,15.587828297677218,3.081456136869928e-05,28,0,159
G329.029-00.206,6434,G329.029-00.206_6434,240.1463470227989,-53.22298830203752,0.0005815460463054478,18.872442782721834,3.081456136869928e-05,89,0,152
G330.986+00.326,1992,G330.986+00.326_1992,241.96656671543303,-51.52666887097818,0.00034798882552422583,12.993318425866407,2.678213633489257e-05,91,0,102
G330.986+00.326,3446,G330.986+00.326_3446,241.96652385333587,-51.52666887559603,0.0009487007046118379,35.422891316397425,2.678213633489257e-05,115,0,146
G331.384+00.151,2756,G331.384+00.151_2756,242.6270324399681,-51.386580111493885,0.00028265846776776016,10.536322291619577,2.6827052167204698e-05,44,0,80
G331.384+00.151,5932,G331.384+00.151_5932,242.62690780860314,-51.38658012494054,0.0003964330244343728,14.777360627009209,2.6827052167204698e-05,114,0,118
G331.384+00.151,6183,G331.384+00.151_6183,242.62680454261502,-51.386580135981916,0.00043011957313865423,16.03305389119357,2.6827052167204698e-05,172,0,189
G331.384+00.151,6231,G331.384+00.151_6231,242.62698436787022,-51.38658011669612,0.00042144980398006737,15.70988125543207,2.6827052167204698e-05,71,0,109
G331.384+00.151,6454,G331.384+00.151_6454,242.62693273487616,-51.38658012226178,0.00046320652472786605,17.266396689462688,2.6827052167204698e-05,100,0,102
G333.018+00.766,1555,G333.018+00.766_1555,243.83699914973187,-49.818838132492495,0.00028087612008675933,10.63573339556045,2.640872139611944e-05,41,0,54
G333.018+00.766,1573,G333.018+00.766_1573,243.8368820468322,-49.81883814485294,0.001437129219993949,54.41873532753176,2.640872139611944e-05,109,0,186
G333.018+00.766,1580,G333.018+00.766_1580,243.83700776023917,-49.81883813157899,0.0007858165190555155,29.755947183833946,2.640872139611944e-05,36,0,187
G333.018+00.766,1589,G333.018+00.766_1589,243.83706631168897,-49.81883812535019,0.0005266385851427913,19.941843349529854,2.640872139611944e-05,2,0,9
G333.018+00.766,1603,G333.018+00.766_1603,243.83706975589192,-49.81883812498286,0.0005409124423749745,20.482341203177576,2.640872139611944e-05,0,0,5
G333.018+00.766,1606,G333.018+00.766_1606,243.83695093089082,-49.81883813759637,0.0009151994599960744,34.65519766248721,2.640872139611944e-05,69,0,193
G333.018+00.766,1612,G333.018+00.766_1612,243.83706975589192,-49.81883812498286,0.0002645871427375823,10.018930442291742,2.640872139611944e-05,0,0,18
G333.018+00.766,1615,G333.018+00.766_1615,243.8364136352332,-49.81883819311507,0.0006257205386646092,23.693708198858655,2.640872139611944e-05,381,0,413
G333.018+00.766,1618,G333.018+00.766_1618,243.83706631168897,-49.81883812535019,0.00046059972373768687,17.441197429776683,2.640872139611944e-05,2,0,49
G333.018+00.766,1636,G333.018+00.766_1636,243.83697331820986,-49.8188381352292,0.0003335710207466036,12.631093181043566,2.640872139611944e-05,56,0,72
G333.018+00.766,1703,G333.018+00.766_1703,243.8368372721941,-49.81883814954782,0.0003931597457267344,14.887496438373809,2.640872139611944e-05,135,0,190
G333.018+00.766,2309,G333.018+00.766_2309,243.83699398342742,-49.81883813304029,0.0005821328959427774,22.043206379098585,2.640872139611944e-05,44,0,187
G333.018+00.766,2688,G333.018+00.766_2688,243.83695781929669,-49.818838136868486,0.000337797129759565,12.791120202025445,2.640872139611944e-05,65,0,94
G333.018+00.766,2778,G333.018+00.766_2778,243.8370559790802,-49.81883812645153,0.00047510871081613004,17.99059877567354,2.640872139611944e-05,8,0,173
G333.018+00.766,2821,G333.018+00.766_2821,243.83696987400694,-49.81883813559368,0.0004913180018775165,18.60438430577377,2.640872139611944e-05,58,0,208
G333.018+00.766,2948,G333.018+00.766_2948,243.83666678414892,-49.81883816726661,0.0011494025820866227,43.52359831610472,2.640872139611944e-05,234,0,662
G333.018+00.766,3019,G333.018+00.766_3019,243.83698365081867,-49.818838134135206,0.0008074853103607893,30.576463670802443,2.640872139611944e-05,50,0,108
G333.018+00.766,3038,G333.018+00.766_3038,243.83685793741168,-49.818838147383104,0.0020469236187636852,77.50937987722742,2.640872139611944e-05,123,0,318
G333.018+00.766,3040,G333.018+00.766_3040,243.83705770118164,-49.81883812626801,0.001094822189770639,41.456841978404704,2.640872139611944e-05,7,0,129
G333.018+00.766,3078,G333.018+00.766_3078,243.8370353138626,-49.81883812865145,0.0007701049325987697,29.161007874918575,2.640872139611944e-05,20,0,368
G333.018+00.766,3223,G333.018+00.766_3223,243.83632580805838,-49.81883820195411,0.0019880037289112806,75.27830291713413,2.640872139611944e-05,432,0,454
G333.018+00.766,3230,G333.018+00.766_3230,243.83664095262694,-49.81883816992948,0.0008984875748865306,34.02238076617206,2.640872139611944e-05,249,0,396
G333.018+00.766,3288,G333.018+00.766_3288,243.83510656021687,-49.81883831780585,0.0010859101312234998,41.1193754871853,2.640872139611944e-05,1140,0,1248
G333.018+00.766,3462,G333.018+00.766_3462,243.83688032473074,-49.81883814503383,0.000732048531062901,27.719953574521405,2.640872139611944e-05,110,0,253
G333.018+00.766,4306,G333.018+00.766_4306,243.83685104900582,-49.81883814810508,0.0011043143458664417,41.81627460497623,2.640872139611944e-05,127,0,255
G333.018+00.766,4337,G333.018+00.766_4337,243.83680455226622,-49.81883815296779,0.00051812210585922,19.61935597288531,2.640872139611944e-05,154,0,157
G333.018+00.766,4728,G333.018+00.766_4728,243.83695954139813,-49.81883813668644,0.0012635932071134448,47.84757232885649,2.640872139611944e-05,64,0,285
G333.018+00.766,5157,G333.018+00.766_5157,243.83689926784686,-49.818838143042626,0.000320456427289173,12.134492332380075,2.640872139611944e-05,99,0,194
G333.018+00.766,5517,G333.018+00.766_5517,243.83682005117944,-49.81883815134895,0.0016149751609191298,61.153099261989944,2.640872139611944e-05,145,0,328
G333.018+00.766,5725,G333.018+00.766_5725,243.83696298560108,-49.81883813632229,0.0002657243749126792,10.061993192586952,2.640872139611944e-05,62,0,78
G333.018+00.766,5803,G333.018+00.766_5803,243.83702325915235,-49.81883812993304,0.0009221865329891443,34.91977211455048,2.640872139611944e-05,27,0,194
G333.018+00.766,6310,G333.018+00.766_6310,243.83655656965504,-49.81883817858814,0.0012343182461336255,46.739038502447116,2.640872139611944e-05,298,0,335
G333.018+00.766,6581,G333.018+00.766_6581,243.83697504031133,-49.81883813504694,0.0002933191426564008,11.106904353934446,2.640872139611944e-05,55,0,62
G333.018+00.766,7068,G333.018+00.766_7068,243.83706458958753,-49.81883812553382,0.0007637408562004566,28.92002398543545,2.640872139611944e-05,3,0,143
G337.152-00.394,3546,G337.152-00.394_3546,249.46532771675265,-47.657030037465375,0.0003156101156491786,10.905446206924434,2.894059625444591e-05,78,0,79
G337.152-00.394,4416,G337.152-00.394_4416,249.46509347461836,-47.65703006113625,0.0008611074881628156,29.7543105398366,2.894059625444591e-05,220,0,288
G337.152-00.394,6114,G337.152-00.394_6114,249.46534916145512,-47.65703003527453,0.0005687748780474067,19.65318451101471,2.894059625444591e-05,65,0,140
G337.406-00.402,1453,G337.406-00.402_1453,249.72215487188788,-47.474718886916335,0.0005500813713297248,16.735308659322534,3.286950856584875e-05,110,0,157
G337.406-00.402,3644,G337.406-00.402_3644,249.72231432641166,-47.47471887065043,0.0004165994469076395,12.67434364201247,3.286950856584875e-05,13,0,98
G337.406-00.402,3659,G337.406-00.402_3659,249.72229131235667,-47.47471887301173,0.0037900249008089304,115.30518909998997,3.286950856584875e-05,27,0,193
G337.406-00.402,3686,G337.406-00.402_3686,249.72219103683145,-47.474718883246545,0.0005548031767830253,16.87896171832222,3.286950856584875e-05,88,0,154
G337.406-00.402,3697,G337.406-00.402_3697,249.72232912116127,-47.47471886913002,0.0006037411512807012,18.36781800589453,3.286950856584875e-05,4,0,47
G337.406-00.402,3716,G337.406-00.402_3716,249.72224035266353,-47.47471887822395,0.0005818236386403441,17.701014223402655,3.286950856584875e-05,58,0,148
G337.406-00.402,5489,G337.406-00.402_5489,249.722274873746,-47.474718874695554,0.00045189709635451436,13.748215780263692,3.286950856584875e-05,37,0,165
G337.406-00.402,5514,G337.406-00.402_5514,249.72221733860854,-47.47471888057046,0.00037888935185037553,11.527076867952921,3.286950856584875e-05,72,0,110
G337.406-00.402,5519,G337.406-00.402_5519,249.72232583343916,-47.47471886946805,0.0003548326203599572,10.795190918328073,3.286950856584875e-05,6,0,49
G337.406-00.402,5537,G337.406-00.402_5537,249.72229788780098,-47.47471887233755,0.0003438643761910498,10.461500375102144,3.286950856584875e-05,23,0,69
G337.406-00.402,5545,G337.406-00.402_5545,249.72226501057958,-47.474718875704724,0.0005284712533466518,16.077856846808192,3.286950856584875e-05,43,0,58
G337.406-00.402,5556,G337.406-00.402_5556,249.72228802463454,-47.474718873348685,0.00033476066892035306,10.184535258557766,3.286950856584875e-05,29,0,32
G337.406-00.402,5563,G337.406-00.402_5563,249.7222304894971,-47.47471887923016,0.00042709155241027474,12.993548460107514,3.286950856584875e-05,64,0,66
G337.406-00.402,5576,G337.406-00.402_5576,249.7222633667185,-47.474718875872824,0.00038380082696676254,11.676500310245881,3.286950856584875e-05,44,0,45
G337.406-00.402,5583,G337.406-00.402_5583,249.72228144919026,-47.474718874022315,0.0006147794774733484,18.703640677856107,3.286950856584875e-05,33,0,67
G337.406-00.402,5596,G337.406-00.402_5596,249.72232090185594,-47.474718869974936,0.0004636593221221119,14.106061889950237,3.286950856584875e-05,9,0,16
G337.406-00.402,5598,G337.406-00.402_5598,249.72230281938417,-47.474718871831655,0.00040339428232982755,12.272598524608066,3.286950856584875e-05,20,0,35
G337.406-00.402,5602,G337.406-00.402_5602,249.72232912116127,-47.47471886913002,0.0005550008499994874,16.884975596383892,3.286950856584875e-05,4,0,21
G337.406-00.402,5613,G337.406-00.402_5613,249.72230446324525,-47.47471887166298,0.000341348146321252,10.384948276224335,3.286950856584875e-05,19,0,26
G337.406-00.402,5616,G337.406-00.402_5616,249.7223176141338,-47.47471887031272,0.0005266304360702634,16.021853050076622,3.286950856584875e-05,11,0,13
G337.406-00.402,5618,G337.406-00.402_5618,249.72230281938417,-47.474718871831655,0.0007561101228930056,23.0033899465902,3.286950856584875e-05,20,0,42
G337.406-00.402,5623,G337.406-00.402_5623,249.722274873746,-47.474718874695554,0.0009743677801452577,29.64351530213083,3.286950856584875e-05,37,0,75
G337.406-00.402,5637,G337.406-00.402_5637,249.72228144919026,-47.474718874022315,0.00037617600173689425,11.444527714288348,3.286950856584875e-05,33,0,34
G337.406-00.402,5638,G337.406-00.402_5638,249.72232418957807,-47.47471886963702,0.0005324882222339511,16.20006642834945,3.286950856584875e-05,7,0,12
G337.406-00.402,5639,G337.406-00.402_5639,249.72232254571702,-47.47471886980599,0.0007885346421971917,23.9898518901641,3.286950856584875e-05,8,0,10
G337.406-00.402,5657,G337.406-00.402_5657,249.72232912116127,-47.47471886913002,0.005271404515951872,160.37369422154472,3.286950856584875e-05,4,0,137
G337.406-00.402,5665,G337.406-00.402_5665,249.72233076502235,-47.47471886896098,0.0004893561126664281,14.88784390207971,3.286950856584875e-05,3,0,15
G337.406-00.402,5678,G337.406-00.402_5678,249.72220418772,-47.474718881909254,0.000705827318597585,21.47361945444283,3.286950856584875e-05,80,0,84
G337.406-00.402,5681,G337.406-00.402_5681,249.72227158602385,-47.47471887503205,0.0010953358141705394,33.323766066541914,3.286950856584875e-05,39,0,46
G337.406-00.402,5686,G337.406-00.402_5686,249.72231103868953,-47.47471887098803,0.0004884357913397253,14.859844660020489,3.286950856584875e-05,15,0,25
G337.406-00.402,5703,G337.406-00.402_5703,249.7223176141338,-47.47471887031272,0.0007734575192444026,23.531155560020178,3.286950856584875e-05,11,0,97
G337.406-00.402,5707,G337.406-00.402_5707,249.72224528424672,-47.474718877720534,0.00034385992330498993,10.461364903467363,3.286950856584875e-05,55,0,68
G337.406-00.402,5711,G337.406-00.402_5711,249.72230446324525,-47.47471887166298,0.0003668921417556703,11.162081751866207,3.286950856584875e-05,19,0,21
G337.406-00.402,5716,G337.406-00.402_5716,249.72231103868953,-47.47471887098803,0.00036674446891993284,11.157589052030382,3.286950856584875e-05,15,0,22
G337.406-00.402,6455,G337.406-00.402_6455,249.7221598034711,-47.474718886416575,0.00041767486254684627,12.707061369965485,3.286950856584875e-05,107,0,114
G337.406-00.402,8805,G337.406-00.402_8805,249.72231597027272,-47.47471887048158,0.0004737257258966565,14.412315442673066,3.286950856584875e-05,12,0,22
G337.406-00.402,8809,G337.406-00.402_8809,249.72204308933513,-47.47471889818746,0.0019576631020754576,59.558636179594714,3.286950856584875e-05,178,0,288
G337.406-00.402,8828,G337.406-00.402_8828,249.7223077509674,-47.47471887132556,0.00041387692908756435,12.59151557615864,3.286950856584875e-05,17,0,36
G337.406-00.402,8832,G337.406-00.402_8832,249.7223061071063,-47.474718871494275,0.00045096661779098213,13.719907521207485,3.286950856584875e-05,18,0,19
G340.784-01.016,1635,G340.784-01.016_1635,253.5771371175133,-45.30048847648015,0.00031282121199183166,11.592108435040606,2.698570443373668e-05,68,0,169
G340.784-01.016,1862,G340.784-01.016_1862,253.57707393132912,-45.3004884826737,0.0007524803513661027,27.884406472093993,2.698570443373668e-05,108,0,186
G340.784-01.016,2103,G340.784-01.016_2103,253.5768654169213,-45.300488502865264,0.0010992831084877253,40.73575737802257,2.698570443373668e-05,240,0,294
G340.784-01.016,5700,G340.784-01.016_5700,253.57717818853303,-45.300488472435674,0.00027233792934566736,10.091933305442975,2.698570443373668e-05,42,0,65
G343.128-00.062,5895,G343.128-00.062_5895,254.58038225794928,-42.87897979665975,0.0003007115446962416,10.933608033160496,2.7503413674993173e-05,23,0,67
G343.128-00.062,5985,G343.128-00.062_5985,254.58041409961052,-42.878979793640205,0.00030064251041039824,10.93109800707213,2.7503413674993173e-05,2,0,31
G343.128-00.062,6016,G343.128-00.062_6016,254.58040348572345,-42.8789797946477,0.00028003097395412624,10.181680618385846,2.7503413674993173e-05,9,0,12
G343.128-00.062,6040,G343.128-00.062_6040,254.5804156158801,-42.878979793496185,0.000383436621632427,13.941419278475152,2.7503413674993173e-05,1,0,11
G343.128-00.062,6053,G343.128-00.062_6053,254.58040348572345,-42.8789797946477,0.0004157917865086347,15.117824697036918,2.7503413674993173e-05,9,0,20
G343.128-00.062,6080,G343.128-00.062_6080,254.5803534488272,-42.8789797993841,0.00046087108785286546,16.756868558171075,2.7503413674993173e-05,42,0,54
G343.128-00.062,6123,G343.128-00.062_6123,254.58040196945387,-42.87897979479155,0.00037048058584332466,13.470349179970171,2.7503413674993173e-05,10,0,14
G343.128-00.062,6124,G343.128-00.062_6124,254.58025640757387,-42.87897980850777,0.000584949622862041,21.268255270940877,2.7503413674993173e-05,106,0,113
G343.128-00.062,6130,G343.128-00.062_6130,254.5804004531843,-42.87897979493537,0.0003143143840134144,11.428195340682283,2.7503413674993173e-05,11,0,20
G343.128-00.062,6148,G343.128-00.062_6148,254.58041106707137,-42.87897979392816,0.00029565620934590697,10.749800473485418,2.7503413674993173e-05,4,0,16
G343.128-00.062,6160,G343.128-00.062_6160,254.58033070478345,-42.878979801529816,0.003508875612169504,127.579639881571,2.7503413674993173e-05,57,0,217
G343.128-00.062,6176,G343.128-00.062_6176,254.58015633378136,-42.87897981783073,0.005910126026719809,214.88699899436304,2.7503413674993173e-05,172,0,244
G343.128-00.062,6179,G343.128-00.062_6179,254.58037922541013,-42.87897979694686,0.0011943535646423697,43.42564813066486,2.7503413674993173e-05,25,0,55
G343.128-00.062,6196,G343.128-00.062_6196,254.58038377421886,-42.878979796516155,0.0010887710377573967,39.58676005180171,2.7503413674993173e-05,22,0,25
G343.128-00.062,6222,G343.128-00.062_6222,254.5804080345322,-42.87897979421603,0.0008211680105887353,29.856948678896643,2.7503413674993173e-05,6,0,7
G343.128-00.062,6227,G343.128-00.062_6227,254.5803534488272,-42.8789797993841,0.0007275515818037093,26.45313743236238,2.7503413674993173e-05,42,0,50
G343.128-00.062,6232,G343.128-00.062_6232,254.5804080345322,-42.87897979421603,0.0006946853245608509,25.258149143590746,2.7503413674993173e-05,6,0,11
G343.128-00.062,6250,G343.128-00.062_6250,254.58038529048846,-42.878979796372555,0.0003289974993094802,11.962060535365955,2.7503413674993173e-05,21,0,23
G343.128-00.062,6255,G343.128-00.062_6255,254.5804156158801,-42.878979793496185,0.0005349211278371513,19.449263068151996,2.7503413674993173e-05,1,0,6
G343.128-00.062,6258,G343.128-00.062_6258,254.5804004531843,-42.87897979493537,0.0006847069598734379,24.895344554846712,2.7503413674993173e-05,11,0,20
G343.128-00.062,6276,G343.128-00.062_6276,254.58019272425136,-42.87897981445064,0.0013447548262774944,48.894106097825265,2.7503413674993173e-05,148,0,220
G343.128-00.062,6291,G343.128-00.062_6291,254.58038680675804,-42.87897979622891,0.0003122595662716776,11.353483969722355,2.7503413674993173e-05,20,0,36
G343.128-00.062,6297,G343.128-00.062_6297,254.5804080345322,-42.87897979421603,0.00029058236395940185,10.565319905128975,2.7503413674993173e-05,6,0,17
G345.181+01.045,1647,G345.181+01.045_1647,255.11844219890895,-40.57744962463197,0.0002564590540714562,10.252235826082977,2.5014939026177306e-05,8,0,57
G345.181+01.045,2916,G345.181+01.045_2916,255.1182476334701,-40.57744964211738,0.00027616467559710145,11.039989955926107,2.5014939026177306e-05,141,0,164
G345.181+01.045,3052,G345.181+01.045_3052,255.11838075719143,-40.577449630188944,0.002632687333971262,105.24460328351158,2.5014939026177306e-05,50,0,570
G345.181+01.045,3085,G345.181+01.045_3085,255.11796675704707,-40.57744966678384,0.0006531369872391224,26.109877243979533,2.5014939026177306e-05,333,0,434
G345.181+01.045,3135,G345.181+01.045_3135,255.11831931547388,-40.57744963571337,0.0007930831052362919,31.704378907594243,2.5014939026177306e-05,92,0,130
G345.181+01.045,3141,G345.181+01.045_3141,255.1182915204112,-40.577449638201806,0.0007282321457751095,29.111889699712588,2.5014939026177306e-05,111,0,275
G345.181+01.045,3520,G345.181+01.045_3520,255.11839831196787,-40.577449628604555,0.00040038718725554645,16.00592297412976,2.5014939026177306e-05,38,0,74
G345.181+01.045,3538,G345.181+01.045_3538,255.11823739318385,-40.577449643028636,0.0010552082676440477,42.18312371418564,2.5014939026177306e-05,148,0,378
G345.181+01.045,3562,G345.181+01.045_3562,255.11845390209325,-40.57744962356981,0.0003750816104002297,14.994304403769252,2.5014939026177306e-05,0,0,6
G345.181+01.045,3576,G345.181+01.045_3576,255.11843488441878,-40.57744962529521,0.00026302962214685977,10.514901590270037,2.5014939026177306e-05,13,0,34
G345.181+01.045,3884,G345.181+01.045_3884,255.11838514588553,-40.577449629793094,0.000250279059400782,10.005183668002278,2.5014939026177306e-05,47,0,97
G345.181+01.045,4761,G345.181+01.045_4761,255.11835735082283,-40.5774496322973,0.00036840036045759916,14.727214008880068,2.5014939026177306e-05,66,0,103
G345.181+01.045,4838,G345.181+01.045_4838,255.11831053808567,-40.57744963649989,0.0006058508879505098,24.21956285068322,2.5014939026177306e-05,98,0,247
G345.181+01.045,5925,G345.181+01.045_5925,255.1182754285328,-40.57744963963944,0.0017123926663771272,68.45480073268078,2.5014939026177306e-05,122,0,287
G345.181+01.045,5942,G345.181+01.045_5942,255.11842610703056,-40.57744962609053,0.0010263642761856318,41.030053085940985,2.5014939026177306e-05,19,0,196
G345.488+00.314,1529,G345.488+00.314_1529,256.12815554506943,-40.78263841893346,0.00031714863143861294,11.471169316093281,2.7647454474730373e-05,55,0,187
G345.488+00.314,3537,G345.488+00.314_3537,256.12732058990304,-40.78263849148117,0.004425274208188057,160.060819061398,2.7647454474730373e-05,624,0,648
G345.488+00.314,3568,G345.488+00.314_3568,256.1281584798855,-40.78263841866784,0.0005886749713681638,21.292194256299783,2.7647454474730373e-05,53,0,73
G345.488+00.314,3572,G345.488+00.314_3572,256.12823625251076,-40.78263841160202,0.0003170326235704124,11.466973346865569,2.7647454474730373e-05,0,0,6
G345.488+00.314,3599,G345.488+00.314_3599,256.12823478510273,-40.78263841173582,0.00040861000888980925,14.779299456421084,2.7647454474730373e-05,1,0,7
G345.488+00.314,3635,G345.488+00.314_3635,256.12822744806266,-40.78263841240454,0.00032018154161050916,11.580868752425413,2.7647454474730373e-05,6,0,21
G345.488+00.314,3649,G345.488+00.314_3649,256.1281790235978,-40.78263841680647,0.0003551511908881366,12.845710306268627,2.7647454474730373e-05,39,0,94
G345.488+00.314,3655,G345.488+00.314_3655,256.12822157843055,-40.78263841293919,0.00028356711845844984,10.256536228954774,2.7647454474730373e-05,10,0,15
G345.488+00.314,3662,G345.488+00.314_3662,256.12821570879845,-40.782638413473535,0.00028897818992845714,10.452253034455005,2.7647454474730373e-05,14,0,62
G345.488+00.314,3840,G345.488+00.314_3840,256.127953042762,-40.7826384370812,0.0017478110967203975,63.217794546615046,2.7647454474730373e-05,193,0,282
G345.488+00.314,3851,G345.488+00.314_3851,256.1282289154707,-40.78263841227084,0.0003337709931656718,12.072395072419297,2.7647454474730373e-05,5,0,13
G345.488+00.314,3859,G345.488+00.314_3859,256.1282333176947,-40.78263841186959,0.0003522636543493718,12.741268989929576,2.7647454474730373e-05,2,0,7
G345.488+00.314,3871,G345.488+00.314_3871,256.1282318502867,-40.78263841200336,0.00035653787199407816,12.895866139139569,2.7647454474730373e-05,3,0,6
G345.488+00.314,3878,G345.488+00.314_3878,256.1281731539657,-40.78263841733865,0.0004498715279623866,16.27171602266555,2.7647454474730373e-05,43,0,74
G345.488+00.314,3880,G345.488+00.314_3880,256.1282289154707,-40.78263841227084,0.00039303756784647703,14.21604901115621,2.7647454474730373e-05,5,0,21
G345.488+00.314,3976,G345.488+00.314_3976,256.12806309836384,-40.782638427262185,0.0004251629870850593,15.378015631553206,2.7647454474730373e-05,118,0,130
G345.488+00.314,3998,G345.488+00.314_3998,256.1282186436145,-40.7826384132064,0.00034978045732714236,12.65145251064035,2.7647454474730373e-05,12,0,218
G345.488+00.314,4071,G345.488+00.314_4071,256.12823038287866,-40.7826384121371,0.00032595708034932613,11.78976822793032,2.7647454474730373e-05,4,0,108
G345.488+00.314,4118,G345.488+00.314_4118,256.1281804910059,-40.782638416673386,0.00029474476468749344,10.660828285543923,2.7647454474730373e-05,38,0,84
G345.488+00.314,4161,G345.488+00.314_4161,256.1282171762065,-40.78263841333997,0.00038493197644129395,13.922872241027461,2.7647454474730373e-05,13,0,15
G345.488+00.314,4182,G345.488+00.314_4182,256.12777548639093,-40.78263845270213,0.001726958085782826,62.46354749806195,2.7647454474730373e-05,314,0,411
G345.488+00.314,5403,G345.488+00.314_5403,256.1281159250527,-40.78263842251195,0.00032238138373941183,11.660436371604002,2.7647454474730373e-05,82,0,124
G345.488+00.314,5561,G345.488+00.314_5561,256.12814087098917,-40.782638420260405,0.0003482026804704219,12.594384802719444,2.7647454474730373e-05,65,0,132
G345.488+00.314,6031,G345.488+00.314_6031,256.12817755618977,-40.78263841693955,0.0006955433636903763,25.157591427670106,2.7647454474730373e-05,40,0,146
G345.488+00.314,6040,G345.488+00.314_6040,256.1282259806546,-40.782638412538226,0.0002815697807818651,10.184293134082866,2.7647454474730373e-05,7,0,32
G345.488+00.314,6060,G345.488+00.314_6060,256.12817755618977,-40.78263841693955,0.0003963844501413405,14.337104723461387,2.7647454474730373e-05,40,0,69
G345.488+00.314,6083,G345.488+00.314_6083,256.12820543694227,-40.78263841440793,0.0005003675469197333,18.098141634596654,2.7647454474730373e-05,21,0,24
G345.488+00.314,6085,G345.488+00.314_6085,256.1282289154707,-40.78263841227084,0.00044864657684229314,16.227409914079207,2.7647454474730373e-05,5,0,6
G345.488+00.314,6091,G345.488+00.314_6091,256.1282171762065,-40.78263841333997,0.0002899733080994338,10.488246155336574,2.7647454474730373e-05,13,0,85
G345.488+00.314,6102,G345.488+00.314_6102,256.12822744806266,-40.78263841240454,0.0004425009246915579,16.005123549294616,2.7647454474730373e-05,6,0,35
G345.488+00.314,6126,G345.488+00.314_6126,256.1282289154707,-40.78263841227084,0.000300076964776963,10.853692337254113,2.7647454474730373e-05,5,0,6
G345.488+00.314,6132,G345.488+00.314_6132,256.1282245132466,-40.7826384126719,0.000303679786156863,10.984005288241805,2.7647454474730373e-05,8,0,11
G345.488+00.314,6144,G345.488+00.314_6144,256.1281159250527,-40.78263842251195,0.0007031229906715453,25.431744224922983,2.7647454474730373e-05,82,0,92
G345.488+00.314,6191,G345.488+00.314_6191,256.1281496754373,-40.78263841946445,0.0006861211732029915,24.816793670104516,2.7647454474730373e-05,59,0,182
G345.488+00.314,6194,G345.488+00.314_6194,256.12821130657437,-40.78263841387411,0.00028406348428688943,10.274489629651871,2.7647454474730373e-05,17,0,29
G345.488+00.314,6195,G345.488+00.314_6195,256.1282245132466,-40.7826384126719,0.00045543687883764505,16.473013067221505,2.7647454474730373e-05,8,0,12
G345.488+00.314,6242,G345.488+00.314_6242,256.12823038287866,-40.7826384121371,0.0004872026911471039,17.621972814618598,2.7647454474730373e-05,4,0,12
G345.488+00.314,6256,G345.488+00.314_6256,256.1281496754373,-40.78263841946445,0.0005344984820112586,19.332647152011315,2.7647454474730373e-05,59,0,70
G345.488+00.314,6259,G345.488+00.314_6259,256.12822157843055,-40.78263841293919,0.0003493910771794617,12.637368749401624,2.7647454474730373e-05,10,0,24
G345.488+00.314,6260,G345.488+00.314_6260,256.1281848932299,-40.78263841627398,0.0003168663533870131,11.46095940501963,2.7647454474730373e-05,35,0,100
G345.488+00.314,6269,G345.488+00.314_6269,256.1281746213737,-40.78263841720564,0.0003107365337200463,11.239245696346398,2.7647454474730373e-05,42,0,119
G345.488+00.314,6273,G345.488+00.314_6273,256.12815554506943,-40.78263841893346,0.0005286746309138834,19.122000233225425,2.7647454474730373e-05,55,0,67
G345.488+00.314,6274,G345.488+00.314_6274,256.1281848932299,-40.78263841627398,0.0006072369869798422,21.963576702327284,2.7647454474730373e-05,35,0,80
G345.488+00.314,6279,G345.488+00.314_6279,256.12819809990214,-40.78263841507481,0.00042760989163070917,15.466519423028343,2.7647454474730373e-05,26,0,31
G345.488+00.314,6304,G345.488+00.314_6304,256.1282245132466,-40.7826384126719,0.00037965146475471556,13.731877743092587,2.7647454474730373e-05,8,0,12
G345.488+00.314,6312,G345.488+00.314_6312,256.1282259806546,-40.782638412538226,0.0002859726082533598,10.34354206152097,2.7647454474730373e-05,7,0,8
G345.488+00.314,6316,G345.488+00.314_6316,256.1282142413904,-40.78263841360706,0.00029380485648289323,10.626832092315382,2.7647454474730373e-05,15,0,16
G345.488+00.314,6318,G345.488+00.314_6318,256.12816288210956,-40.78263841826928,0.00031751912320032716,11.484569890169743,2.7647454474730373e-05,50,0,91
G345.488+00.314,6379,G345.488+00.314_6379,256.12823038287866,-40.7826384121371,0.000286182330455631,10.351127649643121,2.7647454474730373e-05,4,0,15
G345.488+00.314,6388,G345.488+00.314_6388,256.1282333176947,-40.78263841186959,0.00027653120923787355,10.002049537349691,2.7647454474730373e-05,2,0,7
G345.488+00.314,6401,G345.488+00.314_6401,256.12815554506943,-40.78263841893346,0.00034721402334980667,12.55862537605979,2.7647454474730373e-05,55,0,97
G345.488+00.314,6409,G345.488+00.314_6409,256.1282186436145,-40.7826384132064,0.0004242894356139004,15.34641954114433,2.7647454474730373e-05,12,0,86
G345.488+00.314,6416,G345.488+00.314_6416,256.12821130657437,-40.78263841387411,0.00027792720356956124,10.052542226756724,2.7647454474730373e-05,17,0,30
G345.488+00.314,6423,G345.488+00.314_6423,256.1282318502867,-40.78263841200336,0.00046478796866722405,16.811239135669354,2.7647454474730373e-05,3,0,31
G345.488+00.314,6427,G345.488+00.314_6427,256.1282318502867,-40.78263841200336,0.0004300131695345044,15.553445252167219,2.7647454474730373e-05,3,0,36
G345.488+00.314,6432,G345.488+00.314_6432,256.12813940358114,-40.78263842039298,0.0003882744931615889,14.043770051831345,2.7647454474730373e-05,66,0,81
G345.488+00.314,6447,G345.488+00.314_6447,256.12822744806266,-40.78263841240454,0.000428708823164925,15.506267441610676,2.7647454474730373e-05,6,0,109
G345.488+00.314,6448,G345.488+00.314_6448,256.1282289154707,-40.78263841227084,0.00045477983076125383,16.449247838600122,2.7647454474730373e-05,5,0,23
G345.488+00.314,6452,G345.488+00.314_6452,256.128132066541,-40.78263842105568,0.0004904852248728275,17.740701058794706,2.7647454474730373e-05,71,0,94
G345.488+00.314,6458,G345.488+00.314_6458,256.12819809990214,-40.78263841507481,0.0004074049065820873,14.735711273327286,2.7647454474730373e-05,26,0,28
G345.488+00.314,6494,G345.488+00.314_6494,256.12823038287866,-40.7826384121371,0.00031112885335460305,11.253435777929328,2.7647454474730373e-05,4,0,10
G345.488+00.314,6506,G345.488+00.314_6506,256.12823625251076,-40.78263841160202,0.0003798239922616631,13.738118010423715,2.7647454474730373e-05,0,0,14
G345.488+00.314,6516,G345.488+00.314_6516,256.1282318502867,-40.78263841200336,0.0003063709009438753,11.081342089699314,2.7647454474730373e-05,3,0,87
G345.488+00.314,6528,G345.488+00.314_6528,256.12822157843055,-40.78263841293919,0.0003046675701625645,11.0197331346012,2.7647454474730373e-05,10,0,13
G345.488+00.314,6531,G345.488+00.314_6531,256.1281804910059,-40.782638416673386,0.0003347065066918731,12.10623231146987,2.7647454474730373e-05,38,0,73
G345.488+00.314,6540,G345.488+00.314_6540,256.12821570879845,-40.782638413473535,0.0002807212877087295,10.153603398291414,2.7647454474730373e-05,14,0,19
G345.488+00.314,6753,G345.488+00.314_6753,256.1281467406213,-40.78263841972986,0.00033574269036762416,12.143710759140275,2.7647454474730373e-05,61,0,160
G345.488+00.314,7103,G345.488+00.314_7103,256.12808070726015,-40.78263842568145,0.00046931920223869383,16.975132472598847,2.7647454474730373e-05,106,0,150
G345.488+00.314,7132,G345.488+00.314_7132,256.1280895117083,-40.78263842489007,0.00030567869544029236,11.05630522765418,2.7647454474730373e-05,100,0,126
G345.488+00.314,7186,G345.488+00.314_7186,256.1279750538824,-40.782638435125776,0.00031996844336390495,11.57316105380893,2.7647454474730373e-05,178,0,182
G345.488+00.314,7403,G345.488+00.314_7403,256.1282289154707,-40.78263841227084,0.001130077289417386,40.87455105316371,2.7647454474730373e-05,5,0,8
G345.488+00.314,7409,G345.488+00.314_7409,256.1281482080293,-40.78263841959715,0.0021402505226433277,77.41220894674066,2.7647454474730373e-05,60,0,245
G345.488+00.314,7421,G345.488+00.314_7421,256.1282245132466,-40.7826384126719,0.0004104967520106584,14.847542379926884,2.7647454474730373e-05,8,0,10
G345.493+01.469,103,G345.493+01.469_103,254.93640466282622,-40.07054929782851,0.00046980404295027256,12.527631947426713,3.750142444492668e-05,83,0,116
G345.493+01.469,2931,G345.493+01.469_2931,254.93629141042976,-40.070549307833694,0.000635644537396729,16.949877152805623,3.750142444492668e-05,161,0,215
G345.493+01.469,3253,G345.493+01.469_3253,254.93651936717646,-40.07054928758268,0.0011351224966347218,30.2687834778576,3.750142444492668e-05,4,0,16
G345.493+01.469,3269,G345.493+01.469_3269,254.93652227108407,-40.07054928732182,0.0010708746267482638,28.55557202422841,3.750142444492668e-05,2,0,7
G345.493+01.469,3271,G345.493+01.469_3271,254.93644096167125,-40.07054929459839,0.0004547557618934661,12.12635969498452,3.750142444492668e-05,58,0,112
G345.493+01.469,7150,G345.493+01.469_7150,254.93652227108407,-40.07054928732182,0.0004060261999256909,10.826954067357287,3.750142444492668e-05,2,0,17
G345.493+01.469,7248,G345.493+01.469_7248,254.936355296397,-40.07054930220329,0.0004250517231412232,11.334282082149699,3.750142444492668e-05,117,0,160
G345.493+01.469,7526,G345.493+01.469_7526,254.93644241362506,-40.070549294468954,0.0003809428308159113,10.158089631377896,3.750142444492668e-05,57,0,104
G345.493+01.469,7568,G345.493+01.469_7568,254.93646274097824,-40.07054929265489,0.00038026864058338106,10.14011190806447,3.750142444492668e-05,43,0,55
G345.493+01.469,7615,G345.493+01.469_7615,254.93646128902444,-40.07054929278457,0.00038491367013193667,10.263974657741544,3.750142444492668e-05,44,0,96
G345.493+01.469,7839,G345.493+01.469_7839,254.9363349690438,-40.07054930399859,0.0003948294906876981,10.528386495492493,3.750142444492668e-05,131,0,138
G345.493+01.469,7959,G345.493+01.469_7959,254.93630738192158,-40.07054930642939,0.0005375539767555892,14.334228224984434,3.750142444492668e-05,150,0,152
G345.493+01.469,8021,G345.493+01.469_8021,254.93649758786947,-40.07054928953681,0.0004295153194107115,11.453306794825439,3.750142444492668e-05,19,0,27
G345.493+01.469,8063,G345.493+01.469_8063,254.93648742419288,-40.07054929044732,0.0004060679057147354,10.828066179488006,3.750142444492668e-05,26,0,34
G345.493+01.469,8118,G345.493+01.469_8118,254.93646274097824,-40.07054929265489,0.0004166370490565896,11.109899296450688,3.750142444492668e-05,43,0,132
G345.493+01.469,8133,G345.493+01.469_8133,254.93652227108407,-40.07054928732182,0.00051563122542575,13.749643728413265,3.750142444492668e-05,2,0,58
G345.493+01.469,8140,G345.493+01.469_8140,254.93649468396185,-40.07054928979703,0.00039749997085891664,10.599596595128583,3.750142444492668e-05,21,0,117
G345.493+01.469,8172,G345.493+01.469_8172,254.93639449914963,-40.07054929873092,0.00037524470826610923,10.006145468345633,3.750142444492668e-05,90,0,93
G345.493+01.469,8193,G345.493+01.469_8193,254.93644096167125,-40.07054929459839,0.0004369469825178385,11.65147695014956,3.750142444492668e-05,58,0,61
G345.493+01.469,8202,G345.493+01.469_8202,254.93632480536718,-40.070549304894904,0.0005625754129141569,15.001441178330069,3.750142444492668e-05,138,0,168
G345.493+01.469,8204,G345.493+01.469_8204,254.93652517499166,-40.07054928706089,0.00038191478233784437,10.184007354139613,3.750142444492668e-05,0,0,69
G345.493+01.469,8236,G345.493+01.469_8236,254.9364903281005,-40.07054929018727,0.00038607383612543344,10.294911242435827,3.750142444492668e-05,24,0,133
G345.493+01.469,8263,G345.493+01.469_8263,254.93649468396185,-40.07054928979703,0.00042005954310297966,11.201162337709727,3.750142444492668e-05,21,0,49
G345.493+01.469,8271,G345.493+01.469_8271,254.93646709683964,-40.070549292265696,0.0004372384282760322,11.659248541829276,3.750142444492668e-05,40,0,149
G345.493+01.469,8285,G345.493+01.469_8285,254.93637997961162,-40.07054930001851,0.00040325988084077835,10.753188360431272,3.750142444492668e-05,100,0,112
G345.493+01.469,8312,G345.493+01.469_8312,254.93652372303785,-40.070549287191355,0.0004226589226163924,11.270476491822196,3.750142444492668e-05,1,0,10
G345.493+01.469,8318,G345.493+01.469_8318,254.93652081913027,-40.07054928745227,0.00042136720730923116,11.23603205867651,3.750142444492668e-05,3,0,10
G345.493+01.469,8330,G345.493+01.469_8330,254.93649178005427,-40.0705492900572,0.0005704288487322628,15.210858178733325,3.750142444492668e-05,23,0,41
G345.493+01.469,8352,G345.493+01.469_8352,254.93643805776364,-40.07054929485721,0.0005324769299477339,14.19884545264971,3.750142444492668e-05,60,0,92
G345.493+01.469,8360,G345.493+01.469_8360,254.93650194373086,-40.0705492891463,0.00039698975160717964,10.585991265216748,3.750142444492668e-05,16,0,39
G345.493+01.469,8375,G345.493+01.469_8375,254.93651936717646,-40.07054928758268,0.00041164347203448415,10.976742300522739,3.750142444492668e-05,4,0,15
G345.493+01.469,8385,G345.493+01.469_8385,254.93644822144026,-40.07054929395101,0.0005761178908869624,15.362560207093722,3.750142444492668e-05,53,0,62
G345.493+01.469,8410,G345.493+01.469_8410,254.93651501131507,-40.07054928797381,0.0004491870931815356,11.977867503171687,3.750142444492668e-05,7,0,34
G345.493+01.469,8420,G345.493+01.469_8420,254.93643805776364,-40.07054929485721,0.00043092534178867936,11.490905963359383,3.750142444492668e-05,60,0,156
G345.493+01.469,8452,G345.493+01.469_8452,254.93649758786947,-40.07054928953681,0.0004605466383509338,12.280777201604087,3.750142444492668e-05,19,0,83
G345.493+01.469,8479,G345.493+01.469_8479,254.93642353822563,-40.07054929615027,0.0005875988281331956,15.668706904617006,3.750142444492668e-05,70,0,130
G345.493+01.469,8517,G345.493+01.469_8517,254.93644676948645,-40.07054929408053,0.0004870184347964823,12.986664960199073,3.750142444492668e-05,54,0,133
G345.493+01.469,8544,G345.493+01.469_8544,254.93642934604082,-40.070549295633256,0.0004191718762740493,11.17749212138944,3.750142444492668e-05,66,0,104
G345.493+01.469,8624,G345.493+01.469_8624,254.93651355936126,-40.070549288104175,0.0004372673574835062,11.660019958059518,3.750142444492668e-05,8,0,13
G345.493+01.469,8633,G345.493+01.469_8633,254.93652227108407,-40.07054928732182,0.00043732469202950597,11.66154882121201,3.750142444492668e-05,2,0,53
G345.493+01.469,8648,G345.493+01.469_8648,254.93652517499166,-40.07054928706089,0.0005107931792736053,13.620634064813695,3.750142444492668e-05,0,0,32
G345.493+01.469,8770,G345.493+01.469_8770,254.93651501131507,-40.07054928797381,0.0003948864759877324,10.52990604577299,3.750142444492668e-05,7,0,63
G345.493+01.469,8781,G345.493+01.469_8781,254.93643370190225,-40.07054929524532,0.0004145620914641768,11.054569195711181,3.750142444492668e-05,63,0,86
G345.493+01.469,8804,G345.493+01.469_8804,254.9363494885818,-40.07054930271661,0.0004643299034796655,12.381660439633825,3.750142444492668e-05,121,0,162
G345.493+01.469,8806,G345.493+01.469_8806,254.93651065545367,-40.070549288364816,0.0004057038458995521,10.818358286506024,3.750142444492668e-05,10,0,35
G345.493+01.469,8835,G345.493+01.469_8835,254.93641918236423,-40.07054929653782,0.00045868934830650687,12.23125134833538,3.750142444492668e-05,73,0,84
G345.493+01.469,8837,G345.493+01.469_8837,254.936355296397,-40.07054930220329,0.00045144293108023703,12.03802089553187,3.750142444492668e-05,117,0,140
G345.493+01.469,8881,G345.493+01.469_8881,254.93650775154606,-40.07054928862539,0.0005862137768417597,15.631773606430693,3.750142444492668e-05,12,0,164
G345.493+01.469,8891,G345.493+01.469_8891,254.93648452028523,-40.070549290707284,0.00041866686660796404,11.16402570848486,3.750142444492668e-05,28,0,30
G345.493+01.469,8939,G345.493+01.469_8939,254.93651065545367,-40.070549288364816,0.0007571942405775189,20.191079453248737,3.750142444492668e-05,10,0,36
G345.493+01.469,8974,G345.493+01.469_8974,254.93650629959225,-40.07054928875563,0.00042995420517399907,11.465009970632321,3.750142444492668e-05,13,0,24
G345.493+01.469,8994,G345.493+01.469_8994,254.93647580856245,-40.07054929148682,0.0006988650420680642,18.635693241316574,3.750142444492668e-05,34,0,37
G345.493+01.469,9005,G345.493+01.469_9005,254.93646419293205,-40.07054929252518,0.00042173999827355146,11.245972773458366,3.750142444492668e-05,42,0,49
G345.493+01.469,9006,G345.493+01.469_9006,254.93642644213324,-40.070549295891794,0.00044037168845534325,11.742798972931233,3.750142444492668e-05,68,0,106
G345.493+01.469,9027,G345.493+01.469_9027,254.93650049177708,-40.07054928927649,0.00037831824738532305,10.088103398336466,3.750142444492668e-05,17,0,29
G345.493+01.469,9041,G345.493+01.469_9041,254.93650194373086,-40.0705492891463,0.0004165950231254101,11.10877864752064,3.750142444492668e-05,16,0,65
G345.493+01.469,9053,G345.493+01.469_9053,254.93650339568467,-40.07054928901609,0.0005711184348911047,15.229246444487192,3.750142444492668e-05,15,0,95
G345.493+01.469,9067,G345.493+01.469_9067,254.93643079799466,-40.07054929550398,0.00048584077740088105,12.95526195583238,3.750142444492668e-05,65,0,93
G345.493+01.469,9092,G345.493+01.469_9092,254.93646419293205,-40.07054929252518,0.0005227483343333006,13.939426090360676,3.750142444492668e-05,42,0,92
G345.493+01.469,9093,G345.493+01.469_9093,254.93647726051626,-40.07054929135695,0.000414192967582494,11.044726266085272,3.750142444492668e-05,33,0,46
G345.493+01.469,9094,G345.493+01.469_9094,254.93646564488586,-40.07054929239544,0.0007826009532436728,20.86856605655004,3.750142444492668e-05,41,0,98
G345.493+01.469,9095,G345.493+01.469_9095,254.93651210740748,-40.07054928823451,0.00040380097925662994,10.767617103441987,3.750142444492668e-05,9,0,72
G345.493+01.469,9114,G345.493+01.469_9114,254.93652372303785,-40.070549287191355,0.00038171675987541676,10.178726955718524,3.750142444492668e-05,1,0,12
G345.493+01.469,9181,G345.493+01.469_9181,254.93637417179642,-40.07054930053307,0.00042048917384818196,11.212618722408747,3.750142444492668e-05,104,0,114
G345.493+01.469,9188,G345.493+01.469_9188,254.93652517499166,-40.07054928706089,0.000453873974038288,12.102846245342812,3.750142444492668e-05,0,0,72
G345.493+01.469,9211,G345.493+01.469_9211,254.93647145270106,-40.07054929187633,0.0005117469700053334,13.646067518231678,3.750142444492668e-05,37,0,127
G345.493+01.469,9230,G345.493+01.469_9230,254.93650629959225,-40.07054928875563,0.0004167865263298154,11.113885205664493,3.750142444492668e-05,13,0,50
G345.493+01.469,9243,G345.493+01.469_9243,254.93650484763847,-40.07054928888588,0.00041243346640840173,10.99780801697513,3.750142444492668e-05,14,0,102
G345.493+01.469,9249,G345.493+01.469_9249,254.93645838511685,-40.070549293043925,0.00042973749805241823,11.459231333559506,3.750142444492668e-05,46,0,75
G345.493+01.469,9260,G345.493+01.469_9260,254.93649903982327,-40.07054928940664,0.0004947620327584445,13.193153062359945,3.750142444492668e-05,18,0,99
G345.493+01.469,9268,G345.493+01.469_9268,254.93641337454903,-40.07054929705433,0.0005364103708416224,14.30373322563724,3.750142444492668e-05,77,0,123
G345.493+01.469,9303,G345.493+01.469_9303,254.93649758786947,-40.07054928953681,0.0005275077419355512,14.066338805616068,3.750142444492668e-05,19,0,94
G345.493+01.469,9338,G345.493+01.469_9338,254.93651501131507,-40.07054928797381,0.00044684630120173097,11.915448754698753,3.750142444492668e-05,7,0,32
G345.493+01.469,9347,G345.493+01.469_9347,254.93649613591566,-40.070549289666914,0.000430580519605428,11.481711054409784,3.750142444492668e-05,20,0,41
G345.493+01.469,9361,G345.493+01.469_9361,254.936348036628,-40.07054930284488,0.0009734887862578034,25.958714919947536,3.750142444492668e-05,122,0,133
G345.493+01.469,9383,G345.493+01.469_9383,254.93630157410638,-40.07054930694029,0.0004380750469863415,11.681557526692982,3.750142444492668e-05,154,0,161
G345.493+01.469,9457,G345.493+01.469_9457,254.93651791522268,-40.07054928771309,0.0006321578985080123,16.856903647390194,3.750142444492668e-05,5,0,9
G345.493+01.469,9458,G345.493+01.469_9458,254.93647726051626,-40.07054929135695,0.0006381479324772954,17.016631819264834,3.750142444492668e-05,33,0,191
G345.493+01.469,9509,G345.493+01.469_9509,254.93644967339407,-40.07054929382149,0.0003888282226398587,10.368358759568684,3.750142444492668e-05,52,0,156
G345.493+01.469,9511,G345.493+01.469_9511,254.93652517499166,-40.07054928706089,0.0006361108971759677,16.962312941209436,3.750142444492668e-05,0,0,9
G345.493+01.469,9512,G345.493+01.469_9512,254.93650920349987,-40.0705492884951,0.003261460456997156,86.96897531950623,3.750142444492668e-05,11,0,29
G345.493+01.469,9528,G345.493+01.469_9528,254.93642499017943,-40.07054929602104,0.0006227702833712101,16.606576752458814,3.750142444492668e-05,69,0,105
G345.493+01.469,9530,G345.493+01.469_9530,254.93637417179642,-40.07054930053307,0.0005392524180933833,14.379518273640809,3.750142444492668e-05,104,0,105
G345.493+01.469,9542,G345.493+01.469_9542,254.93642353822563,-40.07054929615027,0.00042341125663369894,11.290537970244474,3.750142444492668e-05,70,0,72
G345.493+01.469,9544,G345.493+01.469_9544,254.93652081913027,-40.07054928745227,0.0007017948664724827,18.71381892448152,3.750142444492668e-05,3,0,21
G345.493+01.469,9549,G345.493+01.469_9549,254.93652372303785,-40.070549287191355,0.000379018543753773,10.106777258831508,3.750142444492668e-05,1,0,5
G345.493+01.469,9550,G345.493+01.469_9550,254.93647580856245,-40.07054929148682,0.04576168954372406,1220.2653691442608,3.750142444492668e-05,34,0,301
G345.493+01.469,9599,G345.493+01.469_9599,254.93649468396185,-40.07054928979703,0.0005068673635832965,13.515949622864719,3.750142444492668e-05,21,0,27
G345.493+01.469,9606,G345.493+01.469_9606,254.93651936717646,-40.07054928758268,0.0004204927827231586,11.212714955419361,3.750142444492668e-05,4,0,71
G345.493+01.469,9607,G345.493+01.469_9607,254.93650775154606,-40.07054928862539,0.00038900188519619405,10.372989585168131,3.750142444492668e-05,12,0,18
G345.493+01.469,9608,G345.493+01.469_9608,254.93650049177708,-40.07054928927649,0.0006335048237815499,16.89282029038373,3.750142444492668e-05,17,0,113
G345.493+01.469,9623,G345.493+01.469_9623,254.93645548120926,-40.07054929330318,0.0004150216991547495,11.066824935256427,3.750142444492668e-05,48,0,143
G345.493+01.469,9632,G345.493+01.469_9632,254.93652081913027,-40.07054928745227,0.0005548232002183795,14.79472335865999,3.750142444492668e-05,3,0,127
G345.493+01.469,9635,G345.493+01.469_9635,254.93651936717646,-40.07054928758268,0.00046704779379069805,12.454134761643218,3.750142444492668e-05,4,0,33
G345.493+01.469,9667,G345.493+01.469_9667,254.93651210740748,-40.07054928823451,0.0004791333922185004,12.77640514488028,3.750142444492668e-05,9,0,42
G345.493+01.469,9670,G345.493+01.469_9670,254.93648742419288,-40.07054929044732,0.0014287583762779832,38.0987761778545,3.750142444492668e-05,26,0,75
G345.493+01.469,9671,G345.493+01.469_9671,254.93650920349987,-40.0705492884951,0.00039568639476783574,10.551236403004568,3.750142444492668e-05,11,0,14
G345.493+01.469,9695,G345.493+01.469_9695,254.93650920349987,-40.0705492884951,0.00037639198126271367,10.036738252848773,3.750142444492668e-05,11,0,21
G345.493+01.469,9697,G345.493+01.469_9697,254.93650775154606,-40.07054928862539,0.0005690791876986623,15.17486858490916,3.750142444492668e-05,12,0,21
G345.493+01.469,9710,G345.493+01.469_9710,254.93648452028523,-40.070549290707284,0.00045568973291665316,12.151264642916795,3.750142444492668e-05,28,0,41
G345.493+01.469,9717,G345.493+01.469_9717,254.93652372303785,-40.070549287191355,0.00041218585101887584,10.991205190730769,3.750142444492668e-05,1,0,24
G345.493+01.469,9734,G345.493+01.469_9734,254.93652227108407,-40.07054928732182,0.0008870482561178505,23.65372167184048,3.750142444492668e-05,2,0,14
G345.493+01.469,9767,G345.493+01.469_9767,254.93646564488586,-40.07054929239544,0.0007196921505965292,19.19106170629451,3.750142444492668e-05,41,0,87
G345.493+01.469,9768,G345.493+01.469_9768,254.93650920349987,-40.0705492884951,0.0004690114874392748,12.506497936579693,3.750142444492668e-05,11,0,19
G345.493+01.469,9769,G345.493+01.469_9769,254.93645402925546,-40.070549293432784,0.0007153950864449143,19.07647768141499,3.750142444492668e-05,49,0,78
G345.493+01.469,9784,G345.493+01.469_9784,254.93649178005427,-40.0705492900572,0.0003789369948208332,10.104602703220706,3.750142444492668e-05,23,0,24
G345.493+01.469,9785,G345.493+01.469_9785,254.93650339568467,-40.07054928901609,0.00040559947956353426,10.81557528992489,3.750142444492668e-05,15,0,42
G345.493+01.469,9807,G345.493+01.469_9807,254.93650339568467,-40.07054928901609,0.0004612481570802629,12.29948365715111,3.750142444492668e-05,15,0,31
G345.493+01.469,9842,G345.493+01.469_9842,254.93650339568467,-40.07054928901609,0.000387679785490036,10.337734932158893,3.750142444492668e-05,15,0,18
G345.493+01.469,9858,G345.493+01.469_9858,254.93650049177708,-40.07054928927649,0.0005713168065994978,15.234536155780276,3.750142444492668e-05,17,0,125
G345.493+01.469,9859,G345.493+01.469_9859,254.93648306833146,-40.07054929083726,0.0005612523527815938,14.966160914922844,3.750142444492668e-05,29,0,88
G345.493+01.469,9883,G345.493+01.469_9883,254.93651936717646,-40.07054928758268,0.0003829245106317103,10.210932419222107,3.750142444492668e-05,4,0,25
G345.493+01.469,9885,G345.493+01.469_9885,254.93649758786947,-40.07054928953681,0.0005602710298262537,14.939993296762598,3.750142444492668e-05,19,0,44
G345.493+01.469,9893,G345.493+01.469_9893,254.93645693316304,-40.07054929317356,0.00037869549123570323,10.098162852236255,3.750142444492668e-05,47,0,88
G345.493+01.469,9928,G345.493+01.469_9928,254.93637562375022,-40.070549300404465,0.0006008361233398318,16.02168803540248,3.750142444492668e-05,103,0,104
G345.493+01.469,9967,G345.493+01.469_9967,254.93646274097824,-40.07054929265489,0.0004105350817553699,10.947186349101694,3.750142444492668e-05,43,0,159
G345.493+01.469,9968,G345.493+01.469_9968,254.93641337454903,-40.07054929705433,0.0004752881359308958,12.673868872071456,3.750142444492668e-05,77,0,120
G345.493+01.469,9983,G345.493+01.469_9983,254.93650049177708,-40.07054928927649,0.00040614354657009244,10.830083192347562,3.750142444492668e-05,17,0,86
G345.493+01.469,9984,G345.493+01.469_9984,254.93646709683964,-40.070549292265696,0.0003799689293373376,10.132119911747541,3.750142444492668e-05,40,0,46
G345.493+01.469,9992,G345.493+01.469_9992,254.93649903982327,-40.07054928940664,0.0005297943716868758,14.127313282857132,3.750142444492668e-05,18,0,140
G345.493+01.469,10002,G345.493+01.469_10002,254.93648887614665,-40.07054929031731,0.000404436606913805,10.784566530472647,3.750142444492668e-05,25,0,42
G345.493+01.469,10016,G345.493+01.469_10016,254.93648742419288,-40.07054929044732,0.00040990952402353287,10.930505443213553,3.750142444492668e-05,26,0,45
G345.493+01.469,10087,G345.493+01.469_10087,254.93649613591566,-40.070549289666914,0.0003844205930363387,10.250826434630122,3.750142444492668e-05,20,0,50
G345.493+01.469,10091,G345.493+01.469_10091,254.9363727198426,-40.07054930066165,0.000563238572794944,15.019124770102989,3.750142444492668e-05,105,0,180
G345.493+01.469,10120,G345.493+01.469_10120,254.93652081913027,-40.07054928745227,0.00037681529647670686,10.048026229779218,3.750142444492668e-05,3,0,13
G345.493+01.469,10139,G345.493+01.469_10139,254.93651501131507,-40.07054928797381,0.00048801462980918586,13.013229151491768,3.750142444492668e-05,7,0,135
G345.493+01.469,10141,G345.493+01.469_10141,254.93644822144026,-40.07054929395101,0.0003902020980603993,10.404994045851161,3.750142444492668e-05,53,0,69
G345.493+01.469,10159,G345.493+01.469_10159,254.93644386557884,-40.07054929433949,0.0006173391593620181,16.461752280066626,3.750142444492668e-05,56,0,70
G345.493+01.469,10172,G345.493+01.469_10172,254.93637417179642,-40.07054930053307,0.0003861251752823591,10.296280234619074,3.750142444492668e-05,104,0,116
G345.493+01.469,10185,G345.493+01.469_10185,254.93651936717646,-40.07054928758268,0.0004946821136400104,13.191021966818454,3.750142444492668e-05,4,0,126
G345.493+01.469,10208,G345.493+01.469_10208,254.93648887614665,-40.07054929031731,0.000429697276558727,11.458158801134765,3.750142444492668e-05,25,0,124
G345.493+01.469,10209,G345.493+01.469_10209,254.93650920349987,-40.0705492884951,0.000497928005643189,13.277575799138754,3.750142444492668e-05,11,0,43
G345.493+01.469,10260,G345.493+01.469_10260,254.93652081913027,-40.07054928745227,0.00042492401553317904,11.330876675290243,3.750142444492668e-05,3,0,78
G345.493+01.469,10298,G345.493+01.469_10298,254.93642934604082,-40.070549295633256,0.0005320496275089681,14.18745115376399,3.750142444492668e-05,66,0,95
G345.493+01.469,10326,G345.493+01.469_10326,254.93647726051626,-40.07054929135695,0.0004788085352629423,12.767742621779721,3.750142444492668e-05,33,0,53
G345.493+01.469,10331,G345.493+01.469_10331,254.93642499017943,-40.07054929602104,0.0003858895506709814,10.289997150313202,3.750142444492668e-05,69,0,74
G345.493+01.469,10361,G345.493+01.469_10361,254.93648452028523,-40.070549290707284,0.0005063420976512134,13.501943063384438,3.750142444492668e-05,28,0,55
G345.493+01.469,10373,G345.493+01.469_10373,254.93645548120926,-40.07054929330318,0.000506723765283823,13.512120480329497,3.750142444492668e-05,48,0,54
G345.493+01.469,10393,G345.493+01.469_10393,254.93647580856245,-40.07054929148682,0.0005595405818894506,14.920515424985332,3.750142444492668e-05,34,0,95
G345.493+01.469,10434,G345.493+01.469_10434,254.9364903281005,-40.07054929018727,0.0004375529824756086,11.667636335205987,3.750142444492668e-05,24,0,27
G345.493+01.469,10480,G345.493+01.469_10480,254.93644531753264,-40.07054929421002,0.0005302732461132109,14.140082782507427,3.750142444492668e-05,55,0,56
G345.493+01.469,10489,G345.493+01.469_10489,254.93651501131507,-40.07054928797381,0.0004313356475904584,11.501847035808021,3.750142444492668e-05,7,0,30
G345.493+01.469,10531,G345.493+01.469_10531,254.93647435660867,-40.07054929161668,0.00040967974928207695,10.924378349513596,3.750142444492668e-05,35,0,65
G345.493+01.469,10542,G345.493+01.469_10542,254.93632044950579,-40.070549305278774,0.00039215153083205223,10.45697694518118,3.750142444492668e-05,141,0,144
G345.493+01.469,10567,G345.493+01.469_10567,254.93642063431804,-40.07054929640866,0.0006220486829988658,16.587334806772084,3.750142444492668e-05,72,0,186
G345.493+01.469,10606,G345.493+01.469_10606,254.93646854879344,-40.07054929213593,0.00042026559822261333,11.2066569321867,3.750142444492668e-05,39,0,53
G345.493+01.469,10615,G345.493+01.469_10615,254.93652372303785,-40.070549287191355,0.0005195155972614884,13.853223042885515,3.750142444492668e-05,1,0,120
G345.493+01.469,10687,G345.493+01.469_10687,254.93645983707066,-40.07054929291425,0.0005231808172538877,13.950958530180987,3.750142444492668e-05,45,0,46
G345.493+01.469,10698,G345.493+01.469_10698,254.93649758786947,-40.07054928953681,0.0006352069322019815,16.938208124196052,3.750142444492668e-05,19,0,83
G345.493+01.469,10738,G345.493+01.469_10738,254.93652517499166,-40.07054928706089,0.000585512607358396,15.613076463755664,3.750142444492668e-05,0,0,73
G345.493+01.469,10759,G345.493+01.469_10759,254.93643950971745,-40.070549294727805,0.0004040894564241171,10.775309535709747,3.750142444492668e-05,59,0,112
G345.493+01.469,10799,G345.493+01.469_10799,254.93651501131507,-40.07054928797381,0.0003848774067591876,10.263007671199409,3.750142444492668e-05,7,0,35
G345.493+01.469,10829,G345.493+01.469_10829,254.93643805776364,-40.07054929485721,0.00040767923928797245,10.871033442654328,3.750142444492668e-05,60,0,85
G345.493+01.469,10878,G345.493+01.469_10878,254.93649903982327,-40.07054928940664,0.0004628222086466849,12.34145677123198,3.750142444492668e-05,18,0,81
G345.493+01.469,10919,G345.493+01.469_10919,254.93651936717646,-40.07054928758268,0.0003758664824999869,10.022725484787163,3.750142444492668e-05,4,0,105
G345.493+01.469,11019,G345.493+01.469_11019,254.93645548120926,-40.07054929330318,0.0004976378404535353,13.26983835465635,3.750142444492668e-05,48,0,114
G345.493+01.469,11044,G345.493+01.469_11044,254.93645548120926,-40.07054929330318,0.0004607379378285259,12.285878327239276,3.750142444492668e-05,48,0,106
G345.493+01.469,11047,G345.493+01.469_11047,254.93652372303785,-40.070549287191355,0.0004549562290776521,12.131705283509573,3.750142444492668e-05,1,0,6
G345.493+01.469,11082,G345.493+01.469_11082,254.93651355936126,-40.070549288104175,0.0004926297697238624,13.136294874540614,3.750142444492668e-05,8,0,14
G345.493+01.469,11252,G345.493+01.469_11252,254.93642644213324,-40.070549295891794,0.0004230003396514803,11.279580600269846,3.750142444492668e-05,68,0,129
G345.493+01.469,11280,G345.493+01.469_11280,254.93647000074728,-40.07054929200615,0.0005105690797790885,13.614658305283655,3.750142444492668e-05,38,0,104
G345.493+01.469,11352,G345.493+01.469_11352,254.93641773041045,-40.07054929666698,0.00045493384823203087,12.131108483629236,3.750142444492668e-05,74,0,96
G345.493+01.469,11378,G345.493+01.469_11378,254.93637707570403,-40.070549300275836,0.000378754164557904,10.099727414731394,3.750142444492668e-05,102,0,112
G345.493+01.469,11430,G345.493+01.469_11430,254.93641773041045,-40.07054929666698,0.0005063614808022976,13.502459927780153,3.750142444492668e-05,74,0,186
G345.493+01.469,11661,G345.493+01.469_11661,254.93652517499166,-40.07054928706089,0.00039890449261292815,10.63704908592861,3.750142444492668e-05,0,0,38
G345.493+01.469,11738,G345.493+01.469_11738,254.93651355936126,-40.070549288104175,0.0004014444421045482,10.704778499656618,3.750142444492668e-05,8,0,14
G345.493+01.469,11768,G345.493+01.469_11768,254.93650920349987,-40.0705492884951,0.00038457312621176243,10.254893831473881,3.750142444492668e-05,11,0,13
G345.493+01.469,11848,G345.493+01.469_11848,254.93640611478003,-40.07054929769953,0.00038580497493967414,10.287741883145111,3.750142444492668e-05,82,0,96
G345.493+01.469,12033,G345.493+01.469_12033,254.93652227108407,-40.07054928732182,0.0004111681482754648,10.964067481737723,3.750142444492668e-05,2,0,9
G345.493+01.469,12078,G345.493+01.469_12078,254.93651355936126,-40.070549288104175,0.0005309703410603106,14.158671275009183,3.750142444492668e-05,8,0,50
G345.493+01.469,12098,G345.493+01.469_12098,254.93643224994844,-40.070549295374654,0.000418473850004375,11.158878794562364,3.750142444492668e-05,64,0,115
G345.493+01.469,12175,G345.493+01.469_12175,254.93644386557884,-40.07054929433949,0.00043186533730477095,11.51597155833357,3.750142444492668e-05,56,0,150
G345.493+01.469,12236,G345.493+01.469_12236,254.93645548120926,-40.07054929330318,0.0003918104921467602,10.447882925678192,3.750142444492668e-05,48,0,64
G345.493+01.469,12521,G345.493+01.469_12521,254.93646854879344,-40.07054929213593,0.0004036723112221807,10.764186086184544,3.750142444492668e-05,39,0,116
G345.493+01.469,12633,G345.493+01.469_12633,254.9363494885818,-40.07054930271661,0.00042284306255169213,11.27538670358149,3.750142444492668e-05,121,0,133
G345.493+01.469,13432,G345.493+01.469_13432,254.93642208627185,-40.07054929627948,0.0003982880443800241,10.620611090785001,3.750142444492668e-05,71,0,160
G345.493+01.469,16317,G345.493+01.469_16317,254.93619558147893,-40.070549316213494,0.0007444533403031528,19.851335017858634,3.750142444492668e-05,227,0,347
G345.493+01.469,16332,G345.493+01.469_16332,254.93651791522268,-40.07054928771309,0.0003963949275203049,10.570129892064156,3.750142444492668e-05,5,0,14
G345.493+01.469,16346,G345.493+01.469_16346,254.9363886913344,-40.07054929924618,0.0009072856046259403,24.19336380030975,3.750142444492668e-05,94,0,162
G345.493+01.469,18050,G345.493+01.469_18050,254.93620284124793,-40.07054931558143,0.0027872498612850904,74.3238397618296,3.750142444492668e-05,222,0,490
G345.493+01.469,18075,G345.493+01.469_18075,254.93644531753264,-40.07054929421002,0.0003836502437479794,10.230284567227443,3.750142444492668e-05,55,0,77
G345.493+01.469,18660,G345.493+01.469_18660,254.9364075667338,-40.070549297570516,0.0005069788312539458,13.518921981176415,3.750142444492668e-05,81,0,145
G348.531-00.972_eb1,3824,G348.531-00.972_eb1_3824,259.8239946488575,-39.083788236758565,0.0009038018761202693,35.67810693410398,2.5332114111030464e-05,212,0,282
G348.531-00.972_eb1,4699,G348.531-00.972_eb1_4699,259.8238057001636,-39.08378825274643,0.001938437344506383,76.52094633753136,2.5332114111030464e-05,344,0,390
G348.531-00.972_eb1,4704,G348.531-00.972_eb1_4704,259.8242608947442,-39.08378821371271,0.0005721537745557725,22.5861044225534,2.5332114111030464e-05,26,0,56
G348.531-00.972_eb1,5188,G348.531-00.972_eb1_5188,259.8241521061023,-39.08378822320244,0.00033659342443570495,13.287222020255339,2.5332114111030464e-05,102,0,142
G348.531-00.972_eb1,5334,G348.531-00.972_eb1_5334,259.8242637576032,-39.08378821346162,0.0005465042777359486,21.573575554753326,2.5332114111030464e-05,24,0,270
G348.531-00.972_eb1,5429,G348.531-00.972_eb1_5429,259.8242365604427,-39.08378821584418,0.0005043905694037676,19.911112321420454,2.5332114111030464e-05,43,0,152
G348.531-00.972_eb1,6203,G348.531-00.972_eb1_6203,259.82397890313297,-39.08378823810253,0.00036096852272748947,14.249443261836229,2.5332114111030464e-05,223,0,256
G348.531-00.972_eb1,6526,G348.531-00.972_eb1_6526,259.8241292032303,-39.08378822518739,0.0010230346815660596,40.38489156815362,2.5332114111030464e-05,118,0,610
G348.531-00.972_eb1,6915,G348.531-00.972_eb1_6915,259.8241478118138,-39.08378822357495,0.0005809084395878017,22.93169993793982,2.5332114111030464e-05,105,0,250
G348.533-00.982_eb1,1903,G348.533-00.982_eb1_1903,259.83583122498237,-39.087888339036134,0.0007869439432397485,28.319296335913904,2.778825906919741e-05,347,0,378
G348.533-00.982_eb1,3300,G348.533-00.982_eb1_3300,259.83625065820473,-39.08788830314531,0.00033578291186131537,12.083625355052284,2.778825906919741e-05,54,0,61
G348.533-00.982_eb1,3470,G348.533-00.982_eb1_3470,259.83632080232724,-39.087888296996475,0.0002859811647795141,10.291438699609543,2.778825906919741e-05,5,0,71
G348.533-00.982_eb1,4036,G348.533-00.982_eb1_4036,259.8361647674425,-39.08788831061729,0.0008508943719789386,30.62064341130797,2.778825906919741e-05,114,0,232
G348.533-00.982_eb1,4061,G348.533-00.982_eb1_4061,259.83590280061765,-39.08788833301775,0.0015554679557681084,55.97572528364347,2.778825906919741e-05,297,0,345
G348.533-00.982_eb1,4147,G348.533-00.982_eb1_4147,259.83614902080274,-39.08788831198033,0.0007420064648613334,26.70215730368762,2.778825906919741e-05,125,0,150
G348.533-00.982_eb1,4413,G348.533-00.982_eb1_4413,259.83629646661126,-39.0878882991345,0.0004629994509741664,16.661693336787323,2.778825906919741e-05,22,0,89
G348.533-00.982_eb1,4453,G348.533-00.982_eb1_4453,259.83632080232724,-39.087888296996475,0.0004938470083288848,17.771786533986287,2.778825906919741e-05,5,0,6
G348.533-00.982_eb1,4461,G348.533-00.982_eb1_4461,259.8362692678699,-39.08788830151809,0.00322050042450428,115.89428529814322,2.778825906919741e-05,41,0,485
G348.533-00.982_eb1,4472,G348.533-00.982_eb1_4472,259.83627785694614,-39.08788830076607,0.00033995957346633077,12.233928459489837,2.778825906919741e-05,35,0,37
G348.533-00.982_eb1,4483,G348.533-00.982_eb1_4483,259.83632080232724,-39.087888296996475,0.0008218537550419569,29.57557553337198,2.778825906919741e-05,5,0,28
G348.533-00.982_eb1,4500,G348.533-00.982_eb1_4500,259.83632223383995,-39.087888296870545,0.00028560502687469125,10.277902842473399,2.778825906919741e-05,4,0,22
G348.533-00.982_eb1,4507,G348.533-00.982_eb1_4507,259.83454572657325,-39.08788843967743,0.003962910268455744,142.61095877174006,2.778825906919741e-05,1245,0,2346
G348.533-00.982_eb1,4518,G348.533-00.982_eb1_4518,259.83632366535267,-39.087888296744616,0.00036149166407994926,13.008791345286317,2.778825906919741e-05,3,0,5
G348.533-00.982_eb1,4524,G348.533-00.982_eb1_4524,259.83632223383995,-39.087888296870545,0.00028648332227021456,10.309509550663941,2.778825906919741e-05,4,0,24
G348.533-00.982_eb1,4527,G348.533-00.982_eb1_4527,259.8363250968654,-39.08788829661864,0.000332500203512609,11.965492429181257,2.778825906919741e-05,2,0,6
G348.533-00.982_eb1,4572,G348.533-00.982_eb1_4572,259.83632795989075,-39.08788829636667,0.0003417855186853558,12.29963769354002,2.778825906919741e-05,0,0,9
G348.533-00.982_eb1,4578,G348.533-00.982_eb1_4578,259.83632223383995,-39.087888296870545,0.0003518961602821946,12.66348350236387,2.778825906919741e-05,4,0,14
G348.533-00.982_eb1,4588,G348.533-00.982_eb1_4588,259.83632223383995,-39.087888296870545,0.00032380467746406794,11.652571564765543,2.778825906919741e-05,4,0,14
G348.533-00.982_eb1,4741,G348.533-00.982_eb1_4741,259.83624063761584,-39.087888304020304,0.0003140465123578906,11.30141012345762,2.778825906919741e-05,61,0,68
G348.533-00.982_eb1,5720,G348.533-00.982_eb1_5720,259.8362177334126,-39.087888306017035,0.0010531729785725474,37.899926582301205,2.778825906919741e-05,77,0,311
G348.533-00.982_eb1,5790,G348.533-00.982_eb1_5790,259.8357295875804,-39.087888347507075,0.001056587090715766,38.02278826049115,2.778825906919741e-05,418,0,567
G348.549-00.979_eb1,1681,G348.549-00.979_eb1_1681,259.8448927274657,-39.07306072910144,0.0003145346126984805,11.582589903539203,2.715581017008731e-05,58,0,81
G348.549-00.979_eb1,2446,G348.549-00.979_eb1_2446,259.84402684427823,-39.07306080147811,0.0014745448715984821,54.29942477734374,2.715581017008731e-05,663,0,769
G348.549-00.979_eb1,4466,G348.549-00.979_eb1_4466,259.8448898650419,-39.07306072935123,0.0003073630214203149,11.318499411182424,2.715581017008731e-05,60,0,94
G348.549-00.979_eb1,4631,G348.549-00.979_eb1_4631,259.84376493250414,-39.07306082210941,0.0018664606614038348,68.73154031175913,2.715581017008731e-05,846,0,876
G348.549-00.979_eb1,5004,G348.549-00.979_eb1_5004,259.8449599944241,-39.07306072321078,0.008523177355527878,313.8620170837817,2.715581017008731e-05,11,0,212
G348.549-00.979_eb1,5025,G348.549-00.979_eb1_5025,259.8449514071528,-39.073060723964936,0.0003028171486221254,11.15109977295705,2.715581017008731e-05,17,0,41
G348.549-00.979_eb1,5041,G348.549-00.979_eb1_5041,259.84497287533094,-39.073060722078374,0.00036050137714482844,13.275294490824221,2.715581017008731e-05,2,0,14
G348.549-00.979_eb1,5562,G348.549-00.979_eb1_5562,259.8448712592875,-39.07306073097329,0.0004454127047210932,16.40211438846058,2.715581017008731e-05,73,0,114
G348.549-00.979_eb1,5685,G348.549-00.979_eb1_5685,259.8448870026182,-39.07306072960098,0.00036412818008102477,13.408849811526505,2.715581017008731e-05,62,0,73
G348.549-00.979_eb1,6239,G348.549-00.979_eb1_6239,259.8449213517033,-39.07306072659951,0.0003133669379167259,11.539590826198442,2.715581017008731e-05,38,0,42
G348.549-00.979_eb1,6257,G348.549-00.979_eb1_6257,259.84497573775474,-39.07306072182654,0.0003151724231429398,11.60607697464717,2.715581017008731e-05,0,0,5
G348.549-00.979_eb1,6268,G348.549-00.979_eb1_6268,259.84496715048346,-39.07306072258184,0.0004457763861864805,16.415506788212582,2.715581017008731e-05,6,0,13
G348.549-00.979_eb1,6276,G348.549-00.979_eb1_6276,259.84475962476085,-39.07306074064354,0.0033208117820322514,122.2873396607476,2.715581017008731e-05,151,0,200
G348.549-00.979_eb1,6278,G348.549-00.979_eb1_6278,259.8449700129072,-39.073060722330155,0.0005895367939956486,21.70941652276814,2.715581017008731e-05,4,0,6
G348.549-00.979_eb1,6283,G348.549-00.979_eb1_6283,259.8449599944241,-39.07306072321078,0.0006351358606480062,23.38858081088008,2.715581017008731e-05,11,0,19
G348.549-00.979_eb1,6301,G348.549-00.979_eb1_6301,259.84497430654284,-39.07306072195246,0.0005294490838423371,19.49671471873582,2.715581017008731e-05,1,0,6
G348.549-00.979_eb1,6307,G348.549-00.979_eb1_6307,259.8449628568478,-39.07306072295926,0.0005382103845477104,19.819345516730717,2.715581017008731e-05,9,0,12
G348.549-00.979_eb1,6314,G348.549-00.979_eb1_6314,259.84497287533094,-39.073060722078374,0.0005182487657293677,19.084268246219718,2.715581017008731e-05,2,0,8
G348.579-00.919_eb1,2419,G348.579-00.919_eb1_2419,259.8044057064789,-39.01471873094932,0.00029544008430093527,11.732363870826163,2.5181633262805643e-05,69,0,92
G348.579-00.919_eb1,3477,G348.579-00.919_eb1_3477,259.80440284641816,-39.014718731198236,0.0007329630898311734,29.107051245710558,2.5181633262805643e-05,71,0,141
G348.579-00.919_eb1,4217,G348.579-00.919_eb1_4217,259.80439855632704,-39.014718731571456,0.0010913177393376827,43.337845800081844,2.5181633262805643e-05,74,0,90
G348.579-00.919_eb1,4223,G348.579-00.919_eb1_4223,259.8044986584538,-39.01471872282188,0.0003143037611152977,12.481468451037204,2.5181633262805643e-05,4,0,10
G348.579-00.919_eb1,4227,G348.579-00.919_eb1_4227,259.80439712629664,-39.01471873169583,0.0005020226817578077,19.936065167755295,2.5181633262805643e-05,75,0,93
G348.579-00.919_eb1,4317,G348.579-00.919_eb1_4317,259.80444431729927,-39.01471872758226,0.0004060387727804482,16.124401802808595,2.5181633262805643e-05,42,0,117
G348.701-01.042_eb1,1602,G348.701-01.042_eb1_1602,260.0268537280294,-38.9832496198469,0.0008898586966097355,33.6131257221892,2.647354798135624e-05,251,0,531
G348.701-01.042_eb1,2090,G348.701-01.042_eb1_2090,260.0271839181632,-38.98324959139439,0.00031270831823349,11.812104613016436,2.647354798135624e-05,20,0,88
G348.701-01.042_eb1,2111,G348.701-01.042_eb1_2111,260.02714246572214,-38.983249595017426,0.0007001073681749403,26.445543629738815,2.647354798135624e-05,49,0,133
G348.701-01.042_eb1,2411,G348.701-01.042_eb1_2411,260.02715247148376,-38.98324959414423,0.0003304118581581861,12.48083023820138,2.647354798135624e-05,42,0,96
G348.701-01.042_eb1,4304,G348.701-01.042_eb1_4304,260.0271710536125,-38.983249592520345,0.0002656625583767891,10.035019052371808,2.647354798135624e-05,29,0,61
G348.701-01.042_eb1,4310,G348.701-01.042_eb1_4310,260.02718963574125,-38.98324959089352,0.0003572118002921343,13.493159305420546,2.647354798135624e-05,16,0,20
G348.701-01.042_eb1,4315,G348.701-01.042_eb1_4315,260.02718677695225,-38.98324959114398,0.00042320979991927743,15.986138322574638,2.647354798135624e-05,18,0,33
G348.701-01.042_eb1,4320,G348.701-01.042_eb1_4320,260.0271967827139,-38.98324959026702,0.00045155128464102745,17.056696932312526,2.647354798135624e-05,11,0,18
G348.701-01.042_eb1,4324,G348.701-01.042_eb1_4324,260.027211076659,-38.98324958901273,0.0003759175888262689,14.199743422793405,2.647354798135624e-05,1,0,19
G348.701-01.042_eb1,4325,G348.701-01.042_eb1_4325,260.02720250029193,-38.98324958976551,0.00044245735625736415,16.71318693546331,2.647354798135624e-05,7,0,8
G348.701-01.042_eb1,4333,G348.701-01.042_eb1_4333,260.0271924945303,-38.98324959064297,0.000618081830907613,23.34714755056223,2.647354798135624e-05,14,0,15
G348.701-01.042_eb1,4343,G348.701-01.042_eb1_4343,260.0271996415029,-38.983249590016314,0.0002662885235622525,10.058663982243099,2.647354798135624e-05,9,0,17
G348.701-01.042_eb1,4344,G348.701-01.042_eb1_4344,260.02720535908094,-38.983249589514664,0.0005968666519038379,22.545774836231846,2.647354798135624e-05,5,0,6
G348.701-01.042_eb1,4352,G348.701-01.042_eb1_4352,260.02720250029193,-38.98324958976551,0.0007194477366283536,27.1760980860978,2.647354798135624e-05,7,0,10
G348.701-01.042_eb1,4374,G348.701-01.042_eb1_4374,260.0271467539057,-38.983249594643304,0.0005187036585994065,19.5932807708547,2.647354798135624e-05,46,0,70
G348.701-01.042_eb1,4376,G348.701-01.042_eb1_4376,260.02720392968644,-38.983249589640096,0.001560054486617446,58.92880273230095,2.647354798135624e-05,6,0,16
G348.701-01.042_eb1,4386,G348.701-01.042_eb1_4386,260.0271167366208,-38.98324959725881,0.0029479204677045345,111.35343361534242,2.647354798135624e-05,67,0,106
G348.701-01.042_eb1,4425,G348.701-01.042_eb1_4425,260.02720535908094,-38.983249589514664,0.0010028163669630885,37.879938407549794,2.647354798135624e-05,5,0,6
G348.701-01.042_eb1,4446,G348.701-01.042_eb1_4446,260.02720392968644,-38.983249589640096,0.0008153082453645766,30.79709021015053,2.647354798135624e-05,6,0,20
G348.701-01.042_eb1,4447,G348.701-01.042_eb1_4447,260.0271996415029,-38.983249590016314,0.0008953645010478795,33.82109952464369,2.647354798135624e-05,9,0,49
G348.701-01.042_eb1,4458,G348.701-01.042_eb1_4458,260.0272067884755,-38.98324958938921,0.00041781365871429443,15.782306890203609,2.647354798135624e-05,4,0,10
G348.701-01.042_eb1,4460,G348.701-01.042_eb1_4460,260.02720535908094,-38.983249589514664,0.0008011177997104824,30.261066641866908,2.647354798135624e-05,5,0,7
G348.701-01.042_eb1,4468,G348.701-01.042_eb1_4468,260.02718963574125,-38.98324959089352,0.0008133434457704425,30.722872746155232,2.647354798135624e-05,16,0,61
G348.701-01.042_eb1,4486,G348.701-01.042_eb1_4486,260.027211076659,-38.98324958901273,0.0004618960083462298,17.447453914054737,2.647354798135624e-05,1,0,7
G348.701-01.042_eb1,4492,G348.701-01.042_eb1_4492,260.02721250605356,-38.98324958888721,0.0005270824185572565,19.909776314396904,2.647354798135624e-05,0,0,8
G348.701-01.042_eb1,4497,G348.701-01.042_eb1_4497,260.0272096472645,-38.98324958913824,0.0004952308954671025,18.70663108004505,2.647354798135624e-05,2,0,5
G348.701-01.042_eb1,4709,G348.701-01.042_eb1_4709,260.02712817177695,-38.98324959626333,0.00030532796517945826,11.53332244678661,2.647354798135624e-05,59,0,83
G348.701-01.042_eb1,4714,G348.701-01.042_eb1_4714,260.0270838605469,-38.98324960011461,0.0013936251634731889,52.642175671150575,2.647354798135624e-05,90,0,681
G348.701-01.042_eb1,4893,G348.701-01.042_eb1_4893,260.02710244267564,-38.98324959850161,0.00030378226074390113,11.474935696486058,2.647354798135624e-05,77,0,79
G348.701-01.042_eb1,5926,G348.701-01.042_eb1_5926,260.0270338317387,-38.98324960444268,0.00036468723556026816,13.775533064819868,2.647354798135624e-05,125,0,176
G348.759-00.946_eb1,771,G348.759-00.946_eb1_771,259.96479649934366,-38.88206926343411,0.0004557089414447546,17.273311217738243,2.6382257327522686e-05,71,0,161
G348.759-00.946_eb1,2365,G348.759-00.946_eb1_2365,259.9648521662594,-38.88206925859086,0.00041735306149348617,15.819459885947369,2.6382257327522686e-05,32,0,206
G348.759-00.946_eb1,2989,G348.759-00.946_eb1_2989,259.96482361912314,-38.88206926107788,0.00034189969301223755,12.959455620787935,2.6382257327522686e-05,52,0,116
G348.759-00.946_eb1,3252,G348.759-00.946_eb1_3252,259.9647394050711,-38.882069268374096,0.00042131164809688926,15.969507190628663,2.6382257327522686e-05,111,0,115
G348.759-00.946_eb1,3721,G348.759-00.946_eb1_3721,259.964770806921,-38.88206926566053,0.00039789435686543584,15.08189204304143,2.6382257327522686e-05,89,0,115
G348.759-00.946_eb1,3814,G348.759-00.946_eb1_3814,259.9648607304003,-38.88206925784339,0.0006159627228043973,23.347612569975517,2.6382257327522686e-05,26,0,151
G348.759-00.946_eb1,3821,G348.759-00.946_eb1_3821,259.96487928603887,-38.88206925622173,0.00042445200961083174,16.08854027695469,2.6382257327522686e-05,13,0,14
G348.759-00.946_eb1,3825,G348.759-00.946_eb1_3825,259.9646137976715,-38.88206927914425,0.0025095900055021048,95.12415766197658,2.6382257327522686e-05,199,0,271
G348.759-00.946_eb1,3844,G348.759-00.946_eb1_3844,259.9648964143206,-38.882069254722225,0.0010412991978228092,39.46967785567377,2.6382257327522686e-05,1,0,10
G348.759-00.946_eb1,3857,G348.759-00.946_eb1_3857,259.96487072189797,-38.882069256970574,0.0012823834549635649,48.607798758211175,2.6382257327522686e-05,19,0,75
G348.759-00.946_eb1,3872,G348.759-00.946_eb1_3872,259.9648964143206,-38.882069254722225,0.0002747011021710932,10.41234261196132,2.6382257327522686e-05,1,0,27
G348.759-00.946_eb1,3950,G348.759-00.946_eb1_3950,259.9648750039684,-38.88206925659624,0.0007019147742539644,26.605561667450946,2.6382257327522686e-05,16,0,228
G348.759-00.946_eb1,4256,G348.759-00.946_eb1_4256,259.9648849954661,-38.882069255722186,0.0006492720567621291,24.610178299064305,2.6382257327522686e-05,9,0,165
G348.759-00.946_eb1,4259,G348.759-00.946_eb1_4259,259.96483789269126,-38.88206925983524,0.0002804539108183235,10.630398579493287,2.6382257327522686e-05,42,0,67
G348.759-00.946_eb1,4387,G348.759-00.946_eb1_4387,259.9648607304003,-38.88206925784339,0.0002818998182192445,10.685204632780188,2.6382257327522686e-05,26,0,58
G348.759-00.946_eb1,4623,G348.759-00.946_eb1_4623,259.9648279011936,-38.882069260705265,0.00043680978706106544,16.55695271402624,2.6382257327522686e-05,49,0,91
G348.759-00.946_eb1,4749,G348.759-00.946_eb1_4749,259.96451245533774,-38.88206928773574,0.0022608013823628426,85.69400845030472,2.6382257327522686e-05,270,0,642
G348.759-00.946_eb1,4801,G348.759-00.946_eb1_4801,259.964149906707,-38.88206931775444,0.0015675595495849848,59.41718823088213,2.6382257327522686e-05,524,0,648
G348.759-00.946_eb1,4938,G348.759-00.946_eb1_4938,259.9648521662594,-38.88206925859086,0.00036212982377037406,13.726263802020853,2.6382257327522686e-05,32,0,124
G348.759-00.946_eb1,4971,G348.759-00.946_eb1_4971,259.96468088344176,-38.882069273408746,0.0008856182685121894,33.56870708664828,2.6382257327522686e-05,152,0,181
G349.626-01.104,4979,G349.626-01.104_4979,260.7610511285882,-38.25911924500546,0.0028401887975633144,115.04999686456296,2.4686561277413934e-05,527,0,837
G349.626-01.104,5285,G349.626-01.104_5285,260.7615831815633,-38.259119201178166,0.0005962647264823318,24.15341366429444,2.4686561277413934e-05,151,0,159
G349.626-01.104,5763,G349.626-01.104_5763,260.7611133901066,-38.25911924000082,0.001630361657589674,66.04247708980488,2.4686561277413934e-05,483,0,1448
G349.626-01.104,6338,G349.626-01.104_6338,260.76179402170504,-38.25911918314597,0.0005561551079154015,22.528658473962317,2.4686561277413934e-05,2,0,14
G349.626-01.104,6341,G349.626-01.104_6341,260.7616114822535,-38.25911919877966,0.0008658721344545484,35.07463533395177,2.4686561277413934e-05,131,0,369
G349.626-01.104,6372,G349.626-01.104_6372,260.7617727961874,-38.25911918497838,0.00024938909336924553,10.10222082236358,2.4686561277413934e-05,17,0,61
G350.017-00.519,3698,G350.017-00.519_3698,260.4316427233129,-37.605360621130096,0.000970262277405709,38.76715581334535,2.5027945874525632e-05,197,0,208
G350.017-00.519,3830,G350.017-00.519_3830,260.4313089268243,-37.605360648317294,0.0033660023473203182,134.48975653836456,2.5027945874525632e-05,435,0,780
G350.017-00.519,5198,G350.017-00.519_5198,260.43058944111544,-37.60536070372181,0.004626908805221319,184.8696983930574,2.5027945874525632e-05,948,0,1259
G351.416+00.646,280,G351.416+00.646_280,260.23144967223993,-35.7913378963867,0.0008577114786021411,20.33938958662897,4.216997147082512e-05,353,0,356
G351.416+00.646,1520,G351.416+00.646_1520,260.23186745927273,-35.791337863227355,0.0007205331930890679,17.08640456604439,4.216997147082512e-05,48,0,248
G351.416+00.646,1634,G351.416+00.646_1634,260.2318989645244,-35.791337860668236,0.00042932096403092146,10.180726926219121,4.216997147082512e-05,25,0,78
G351.416+00.646,1950,G351.416+00.646_1950,260.2318085581501,-35.79133786798978,0.0004913030425086617,11.650542444605753,4.216997147082512e-05,91,0,116
G351.416+00.646,2097,G351.416+00.646_2097,260.23192499060184,-35.79133785854797,0.00043645736877806485,10.349956463215149,4.216997147082512e-05,6,0,58
G351.416+00.646,2268,G351.416+00.646_2268,260.2318948551437,-35.791337861002475,0.0005481368862092495,12.998275006860572,4.216997147082512e-05,28,0,90
G351.416+00.646,2278,G351.416+00.646_2278,260.2319112926663,-35.791337859664594,0.0005013761692680418,11.88941210488876,4.216997147082512e-05,16,0,37
G351.416+00.646,2317,G351.416+00.646_2317,260.23192225101474,-35.791337858771406,0.00044223174336366355,10.48688742105546,4.216997147082512e-05,8,0,13
G351.416+00.646,2321,G351.416+00.646_2321,260.2319126624599,-35.79133785955299,0.00043362012365832925,10.282675290836398,4.216997147082512e-05,15,0,19
G351.416+00.646,2322,G351.416+00.646_2322,260.23190444369857,-35.79133786022231,0.0005909645697101951,14.01387169823077,4.216997147082512e-05,21,0,45
G351.416+00.646,2354,G351.416+00.646_2354,260.2319290999825,-35.79133785821268,0.00042238703463226557,10.01629879983414,4.216997147082512e-05,3,0,12
G351.416+00.646,2355,G351.416+00.646_2355,260.2319290999825,-35.79133785821268,0.000462608237285167,10.970086560414629,4.216997147082512e-05,3,0,10
G351.416+00.646,2364,G351.416+00.646_2364,260.23191951142763,-35.791337858994794,0.0005434174672700465,12.886360799319121,4.216997147082512e-05,10,0,55
G351.416+00.646,2382,G351.416+00.646_2382,260.23193046977605,-35.791337858100874,0.0004232618666719645,10.037044178813213,4.216997147082512e-05,2,0,10
G351.416+00.646,2383,G351.416+00.646_2383,260.23191951142763,-35.791337858994794,0.0004365225904621184,10.351503101303312,4.216997147082512e-05,10,0,17
G351.416+00.646,2387,G351.416+00.646_2387,260.2319208812212,-35.79133785888312,0.0004818526504095644,11.426440037857967,4.216997147082512e-05,9,0,11
G351.416+00.646,2395,G351.416+00.646_2395,260.2319126624599,-35.79133785955299,0.0005160467699170113,12.237304221892423,4.216997147082512e-05,15,0,17
G351.416+00.646,2444,G351.416+00.646_2444,260.23192225101474,-35.791337858771406,0.0005985226598568261,14.193100895762003,4.216997147082512e-05,8,0,13
G351.416+00.646,2466,G351.416+00.646_2466,260.2319290999825,-35.79133785821268,0.0005706058000214398,13.531092863465839,4.216997147082512e-05,3,0,11
G351.416+00.646,2481,G351.416+00.646_2481,260.23193320936315,-35.79133785787723,0.00042966619366779923,10.188913548709882,4.216997147082512e-05,0,0,7
G351.416+00.646,2512,G351.416+00.646_2512,260.23193046977605,-35.791337858100874,0.0006022633169777691,14.281805179651096,4.216997147082512e-05,2,0,6
G351.416+00.646,2555,G351.416+00.646_2555,260.2319290999825,-35.79133785821268,0.00115576118696481,27.407208178085014,4.216997147082512e-05,3,0,8
G351.416+00.646,2561,G351.416+00.646_2561,260.2319290999825,-35.79133785821268,0.00045296427560970187,10.74139393058591,4.216997147082512e-05,3,0,31
G351.416+00.646,2567,G351.416+00.646_2567,260.23145515141414,-35.79133789596119,0.003215454053133726,76.2498512800348,4.216997147082512e-05,349,0,915
G351.416+00.646,2575,G351.416+00.646_2575,260.2319318395696,-35.791337857989056,0.0006731677567586303,15.963201616684868,4.216997147082512e-05,1,0,5
G351.416+00.646,2582,G351.416+00.646_2582,260.2319236208083,-35.79133785865968,0.0007610816392116249,18.047952433123456,4.216997147082512e-05,7,0,12
G351.416+00.646,2602,G351.416+00.646_2602,260.23193320936315,-35.79133785787723,0.0008892457699403167,21.087179785159034,4.216997147082512e-05,0,0,5
G351.416+00.646,2626,G351.416+00.646_2626,260.2319263603954,-35.791337858436215,0.0007059248746372759,16.739989381440846,4.216997147082512e-05,5,0,7
G351.416+00.646,2658,G351.416+00.646_2658,260.2319290999825,-35.79133785821268,0.0006211563595570624,14.729826411829643,4.216997147082512e-05,3,0,7
G351.416+00.646,2661,G351.416+00.646_2661,260.23193046977605,-35.791337858100874,0.0005039569223299623,11.950610938369259,4.216997147082512e-05,2,0,8
G351.416+00.646,2673,G351.416+00.646_2673,260.23192773018894,-35.79133785832445,0.00048242590855807066,11.440034027337019,4.216997147082512e-05,4,0,8
G351.416+00.646,2685,G351.416+00.646_2685,260.23191951142763,-35.791337858994794,0.0005758902989327908,13.65640712683941,4.216997147082512e-05,10,0,19
G351.416+00.646,2738,G351.416+00.646_2738,260.23183184464045,-35.79133786611039,0.0006958420854061842,16.500890589589222,4.216997147082512e-05,74,0,112
G351.416+00.646,2742,G351.416+00.646_2742,260.23193320936315,-35.79133785787723,0.0008534361841157079,20.238007149379964,4.216997147082512e-05,0,0,6
G351.416+00.646,2767,G351.416+00.646_2767,260.23192499060184,-35.79133785854797,0.0005751901771873236,13.639804750289272,4.216997147082512e-05,6,0,9
G351.416+00.646,2932,G351.416+00.646_2932,260.2318660894792,-35.79133786333844,0.0006768350722268224,16.050166709149522,4.216997147082512e-05,49,0,120
G351.416+00.646,2970,G351.416+00.646_2970,260.23192499060184,-35.79133785854797,0.00048594106920063496,11.523390987751284,4.216997147082512e-05,6,0,14
G351.416+00.646,4655,G351.416+00.646_4655,260.2316660996209,-35.791337879389445,0.0006224181852303445,14.75974878619395,4.216997147082512e-05,195,0,202
G351.416+00.646,5120,G351.416+00.646_5120,260.23181266753073,-35.79133786765845,0.0011334690498188138,26.87858232493691,4.216997147082512e-05,88,0,126
G351.416+00.646,6495,G351.416+00.646_6495,260.23182910505335,-35.79133786633172,0.00046169658889994025,10.948468134946701,4.216997147082512e-05,76,0,103
G351.416+00.646,6509,G351.416+00.646_6509,260.23191951142763,-35.791337858994794,0.0004547417047433555,10.783543096726165,4.216997147082512e-05,10,0,31
G351.416+00.646,6634,G351.416+00.646_6634,260.2316921256983,-35.79133787731936,0.0004635249497368932,10.991825072909483,4.216997147082512e-05,176,0,252
G351.416+00.646,6688,G351.416+00.646_6688,260.2319318395696,-35.791337857989056,0.0005667108343914151,13.438729376032148,4.216997147082512e-05,1,0,57
G351.416+00.646,6740,G351.416+00.646_6740,260.23192773018894,-35.79133785832445,0.0005030087777413428,11.928127058121072,4.216997147082512e-05,4,0,10
G351.416+00.646,6747,G351.416+00.646_6747,260.23192225101474,-35.791337858771406,0.0005499811377376318,13.042008769631984,4.216997147082512e-05,8,0,15
G351.416+00.646,6782,G351.416+00.646_6782,260.231915402047,-35.79133785932975,0.0004951626760885119,11.742068083472272,4.216997147082512e-05,13,0,15
G351.416+00.646,6822,G351.416+00.646_6822,260.2319263603954,-35.791337858436215,0.0007776482962071896,18.440806789380872,4.216997147082512e-05,5,0,13
G351.416+00.646,6831,G351.416+00.646_6831,260.23192499060184,-35.79133785854797,0.0006630830466747284,15.724057274581652,4.216997147082512e-05,6,0,7
G351.416+00.646,6865,G351.416+00.646_6865,260.2319290999825,-35.79133785821268,0.0006776361842639744,16.0691639246849,4.216997147082512e-05,3,0,8
G351.416+00.646,6931,G351.416+00.646_6931,260.23191677184053,-35.791337859218125,0.0012680049985647202,30.068908143368724,4.216997147082512e-05,12,0,14
G351.416+00.646,6938,G351.416+00.646_6938,260.2319318395696,-35.791337857989056,0.0009074969566427171,21.519980331752418,4.216997147082512e-05,1,0,5
G351.416+00.646,6969,G351.416+00.646_6969,260.2319181416341,-35.79133785910647,0.00048236851580441,11.43867304103186,4.216997147082512e-05,11,0,25
G351.416+00.646,6971,G351.416+00.646_6971,260.2319290999825,-35.79133785821268,0.0015034860698506236,35.65300182597457,4.216997147082512e-05,3,0,10
G351.416+00.646,7013,G351.416+00.646_7013,260.23192773018894,-35.79133785832445,0.0014952803030610085,35.45841391179274,4.216997147082512e-05,4,0,6
G351.416+00.646,7023,G351.416+00.646_7023,260.2319181416341,-35.79133785910647,0.00048367789713665843,11.469723129200744,4.216997147082512e-05,11,0,109
G351.416+00.646,7054,G351.416+00.646_7054,260.23192499060184,-35.79133785854797,0.0007390067912638187,17.52447927964792,4.216997147082512e-05,6,0,11
G351.416+00.646,7102,G351.416+00.646_7102,260.2319236208083,-35.79133785865968,0.00042585248593240976,10.098476974949618,4.216997147082512e-05,7,0,11
G351.416+00.646,7103,G351.416+00.646_7103,260.2319208812212,-35.79133785888312,0.0004282871086616069,10.156210538532452,4.216997147082512e-05,9,0,15
G351.416+00.646,7120,G351.416+00.646_7120,260.2319263603954,-35.791337858436215,0.0005669795209541917,13.44510089001248,4.216997147082512e-05,5,0,6
G351.416+00.646,7124,G351.416+00.646_7124,260.23193046977605,-35.791337858100874,0.0005893886554986238,13.976501167575762,4.216997147082512e-05,2,0,13
G351.416+00.646,7152,G351.416+00.646_7152,260.23181814670494,-35.79133786721645,0.0005275270668789744,12.50954289224357,4.216997147082512e-05,84,0,88
G351.416+00.646,7163,G351.416+00.646_7163,260.2316030891176,-35.79133788437805,0.0006191693246364594,14.682706747023188,4.216997147082512e-05,241,0,323
G351.416+00.646,7182,G351.416+00.646_7182,260.23192773018894,-35.79133785832445,0.0005017466028220952,11.89819640189284,4.216997147082512e-05,4,0,59
G351.416+00.646,7200,G351.416+00.646_7200,260.231915402047,-35.79133785932975,0.005434686318039894,128.87574092384267,4.216997147082512e-05,13,0,150
G351.416+00.646,7250,G351.416+00.646_7250,260.2319208812212,-35.79133785888312,0.00043070229003205895,10.213483078356743,4.216997147082512e-05,9,0,11
G351.416+00.646,7254,G351.416+00.646_7254,260.2312291354784,-35.79133791330783,0.0010378435254096985,24.610961051461,4.216997147082512e-05,514,0,667
G351.416+00.646,7275,G351.416+00.646_7275,260.23193320936315,-35.79133785787723,0.0004368022200651467,10.358134113686654,4.216997147082512e-05,0,0,10
G351.416+00.646,7283,G351.416+00.646_7283,260.2318277352598,-35.79133786644237,0.0004879389889538288,11.570768770650096,4.216997147082512e-05,77,0,103
G351.416+00.646,7296,G351.416+00.646_7296,260.23192773018894,-35.79133785832445,0.0005662175826728344,13.427032623547456,4.216997147082512e-05,4,0,58
G351.416+00.646,7318,G351.416+00.646_7318,260.2318989645244,-35.791337860668236,0.0004978242795914412,11.80518416845162,4.216997147082512e-05,25,0,26
G351.416+00.646,7362,G351.416+00.646_7362,260.23188937596956,-35.79133786144795,0.00043585075763985515,10.335571555731173,4.216997147082512e-05,32,0,41
G351.416+00.646,7658,G351.416+00.646_7658,260.2318921155566,-35.791337861225244,0.0005043776473030448,11.96058782377867,4.216997147082512e-05,30,0,50
G351.416+00.646,7693,G351.416+00.646_7693,260.23189348535016,-35.79133786111387,0.0004610687028616667,10.933578723918572,4.216997147082512e-05,29,0,96
G351.416+00.646,7702,G351.416+00.646_7702,260.23193046977605,-35.791337858100874,0.00043069361709058285,10.21327741206925,4.216997147082512e-05,2,0,10
G351.416+00.646,7731,G351.416+00.646_7731,260.2319318395696,-35.791337857989056,0.0005085130105726421,12.058651994214694,4.216997147082512e-05,1,0,10
G351.416+00.646,7753,G351.416+00.646_7753,260.23186745927273,-35.791337863227355,0.0007424430223181844,17.60596453881493,4.216997147082512e-05,48,0,89
G351.416+00.646,7763,G351.416+00.646_7763,260.23193320936315,-35.79133785787723,0.00044337785220704973,10.514065737838981,4.216997147082512e-05,0,0,6
G351.416+00.646,7764,G351.416+00.646_7764,260.23187567803404,-35.791337862560546,0.0004606047587003559,10.92257695784833,4.216997147082512e-05,42,0,52
G351.416+00.646,7765,G351.416+00.646_7765,260.2319290999825,-35.79133785821268,0.0004919065977446735,11.664854885780377,4.216997147082512e-05,3,0,9
G351.416+00.646,7786,G351.416+00.646_7786,260.23187841762115,-35.791337862338146,0.0005976398824714124,14.172167104378614,4.216997147082512e-05,40,0,52
G351.416+00.646,7790,G351.416+00.646_7790,260.23192773018894,-35.79133785832445,0.0006146304658614099,14.575074263131432,4.216997147082512e-05,4,0,12
G351.416+00.646,7816,G351.416+00.646_7816,260.2319290999825,-35.79133785821268,0.0006188308470882475,14.67468024056833,4.216997147082512e-05,3,0,8
G351.416+00.646,7817,G351.416+00.646_7817,260.23190170411146,-35.791337860445296,0.000668208347633481,15.845596388315663,4.216997147082512e-05,23,0,36
G351.416+00.646,7830,G351.416+00.646_7830,260.2319208812212,-35.79133785888312,0.0005592539673671126,13.261900538728773,4.216997147082512e-05,9,0,16
G351.416+00.646,7835,G351.416+00.646_7835,260.23193046977605,-35.791337858100874,0.0004965645493939519,11.77531148527087,4.216997147082512e-05,2,0,28
G351.416+00.646,7868,G351.416+00.646_7868,260.23193046977605,-35.791337858100874,0.00042302272049710155,10.031373172489948,4.216997147082512e-05,2,0,11
G351.416+00.646,7931,G351.416+00.646_7931,260.2318044487694,-35.79133786832096,0.00044185275328345597,10.477900218385196,4.216997147082512e-05,94,0,148
G351.416+00.646,8004,G351.416+00.646_8004,260.23184965195657,-35.79133786467018,0.0006265462143346667,14.85763903748753,4.216997147082512e-05,61,0,115
G351.416+00.646,8046,G351.416+00.646_8046,260.2318921155566,-35.791337861225244,0.0006287089199759066,14.908924479848716,4.216997147082512e-05,30,0,234
G351.416+00.646,8063,G351.416+00.646_8063,260.23192499060184,-35.79133785854797,0.00046942284097895026,11.131685049958259,4.216997147082512e-05,6,0,13
G351.416+00.646,8067,G351.416+00.646_8067,260.23190444369857,-35.79133786022231,0.0005145936738699675,12.202846146718027,4.216997147082512e-05,21,0,30
G351.416+00.646,8098,G351.416+00.646_8098,260.23193046977605,-35.791337858100874,0.0005990698700770736,14.206077196223246,4.216997147082512e-05,2,0,7
G351.416+00.646,8111,G351.416+00.646_8111,260.23191951142763,-35.791337858994794,0.0006303787231445312,14.948521451589139,4.216997147082512e-05,10,0,24
G351.416+00.646,8112,G351.416+00.646_8112,260.23193320936315,-35.79133785787723,0.0006420620484277606,15.225574645502546,4.216997147082512e-05,0,0,35
G351.416+00.646,8133,G351.416+00.646_8133,260.2319318395696,-35.791337857989056,0.0006488811923190951,15.387280799277212,4.216997147082512e-05,1,0,7
G351.416+00.646,8134,G351.416+00.646_8134,260.23192773018894,-35.79133785832445,0.0005960689159110188,14.134913900129225,4.216997147082512e-05,4,0,7
G351.416+00.646,8167,G351.416+00.646_8167,260.231903073905,-35.79133786033381,0.000979318399913609,23.223122182834317,4.216997147082512e-05,22,0,30
G351.416+00.646,8183,G351.416+00.646_8183,260.2319140322534,-35.79133785944139,0.0007358581642620265,17.449814135423896,4.216997147082512e-05,14,0,15
G351.416+00.646,8192,G351.416+00.646_8192,260.23193046977605,-35.791337858100874,0.0009472613455727696,22.46293541431782,4.216997147082512e-05,2,0,12
G351.416+00.646,8193,G351.416+00.646_8193,260.2319290999825,-35.79133785821268,0.001195654273033142,28.353215127507113,4.216997147082512e-05,3,0,10
G351.416+00.646,8201,G351.416+00.646_8201,260.231860610305,-35.7913378637826,0.0010934103047475219,25.928647011392624,4.216997147082512e-05,53,0,77
G351.416+00.646,8207,G351.416+00.646_8207,260.23192499060184,-35.79133785854797,0.00075327925151214,17.86293007177605,4.216997147082512e-05,6,0,17
G351.416+00.646,8209,G351.416+00.646_8209,260.2318989645244,-35.791337860668236,0.0015167469391599298,35.967464199241306,4.216997147082512e-05,25,0,101
G351.416+00.646,8225,G351.416+00.646_8225,260.23189622493726,-35.79133786089108,0.0011191369267180562,26.53871671438811,4.216997147082512e-05,27,0,39
G351.416+00.646,8244,G351.416+00.646_8244,260.23192225101474,-35.791337858771406,0.0006927575450390577,16.427745167395603,4.216997147082512e-05,8,0,9
G351.416+00.646,8249,G351.416+00.646_8249,260.23187567803404,-35.791337862560546,0.0010870404075831175,25.777594095247984,4.216997147082512e-05,42,0,47
G351.416+00.646,8255,G351.416+00.646_8255,260.2319318395696,-35.791337857989056,0.0008966109016910195,21.261833252871206,4.216997147082512e-05,1,0,5
G351.416+00.646,8271,G351.416+00.646_8271,260.23192499060184,-35.79133785854797,0.00053870101692155,12.77451698762104,4.216997147082512e-05,6,0,7
G351.416+00.646,8275,G351.416+00.646_8275,260.23192773018894,-35.79133785832445,0.001093055703677237,25.920238158886516,4.216997147082512e-05,4,0,46
G351.416+00.646,8280,G351.416+00.646_8280,260.23193320936315,-35.79133785787723,0.0010282131843268871,24.38259141432539,4.216997147082512e-05,0,0,15
G351.416+00.646,8298,G351.416+00.646_8298,260.23190444369857,-35.79133786022231,0.001354008330963552,32.10835302320063,4.216997147082512e-05,21,0,23
G351.416+00.646,8310,G351.416+00.646_8310,260.23193320936315,-35.79133785787723,0.001380793983116746,32.743536098240774,4.216997147082512e-05,0,0,17
G351.416+00.646,8324,G351.416+00.646_8324,260.2319208812212,-35.79133785888312,0.000780588889028877,18.510538703326365,4.216997147082512e-05,9,0,51
G351.416+00.646,8330,G351.416+00.646_8330,260.2319290999825,-35.79133785821268,0.0009315693750977516,22.090822986262836,4.216997147082512e-05,3,0,15
G351.416+00.646,8331,G351.416+00.646_8331,260.2319126624599,-35.79133785955299,0.0011150279315188527,26.441277824678487,4.216997147082512e-05,15,0,24
G351.416+00.646,8336,G351.416+00.646_8336,260.2318907457631,-35.791337861336615,0.0012408405309543014,29.424742006590275,4.216997147082512e-05,31,0,147
G351.416+00.646,8346,G351.416+00.646_8346,260.23192225101474,-35.791337858771406,0.0015588827664032578,36.96665451817428,4.216997147082512e-05,8,0,94
G351.416+00.646,8392,G351.416+00.646_8392,260.23192499060184,-35.79133785854797,0.0014958527171984315,35.47198788676731,4.216997147082512e-05,6,0,7
G351.416+00.646,8410,G351.416+00.646_8410,260.231915402047,-35.79133785932975,0.0012561092153191566,29.786816815567054,4.216997147082512e-05,13,0,14
G351.416+00.646,8420,G351.416+00.646_8420,260.23193320936315,-35.79133785787723,0.001492363982833922,35.3892575873901,4.216997147082512e-05,0,0,6
G351.416+00.646,8428,G351.416+00.646_8428,260.23192499060184,-35.79133785854797,0.0013514939928427339,32.04872912417671,4.216997147082512e-05,6,0,17
G351.416+00.646,8454,G351.416+00.646_8454,260.23193046977605,-35.791337858100874,0.0007957557099871337,18.87019796865809,4.216997147082512e-05,2,0,16
G351.416+00.646,8464,G351.416+00.646_8464,260.23191951142763,-35.791337858994794,0.0008538719266653061,20.248340154938187,4.216997147082512e-05,10,0,25
G351.416+00.646,8468,G351.416+00.646_8468,260.2319208812212,-35.79133785888312,0.0013447256060317159,31.888226601292608,4.216997147082512e-05,9,0,15
G351.416+00.646,8473,G351.416+00.646_8473,260.2319263603954,-35.791337858436215,0.0013719500275328755,32.533814458045,4.216997147082512e-05,5,0,6
G351.416+00.646,8515,G351.416+00.646_8515,260.23192773018894,-35.79133785832445,0.0004219478869345039,10.005885046102637,4.216997147082512e-05,4,0,25
G351.416+00.646,8516,G351.416+00.646_8516,260.2319112926663,-35.791337859664594,0.0006790492916479707,16.10267372643978,4.216997147082512e-05,16,0,22
G351.416+00.646,8544,G351.416+00.646_8544,260.2319263603954,-35.791337858436215,0.0010276302928104997,24.368768983433046,4.216997147082512e-05,5,0,6
G351.416+00.646,8583,G351.416+00.646_8583,260.2319290999825,-35.79133785821268,0.002311539836227894,54.81483044936632,4.216997147082512e-05,3,0,12
G351.416+00.646,8614,G351.416+00.646_8614,260.2319085530792,-35.79133785988771,0.0005787801928818226,13.724936790204993,4.216997147082512e-05,18,0,77
G351.416+00.646,8615,G351.416+00.646_8615,260.2318660894792,-35.79133786333844,0.0025547908153384924,60.58317627997447,4.216997147082512e-05,49,0,50
G351.416+00.646,8633,G351.416+00.646_8633,260.2319263603954,-35.791337858436215,0.0009703608811832964,23.010707556551967,4.216997147082512e-05,5,0,6
G351.416+00.646,8665,G351.416+00.646_8665,260.2319236208083,-35.79133785865968,0.0009676081826910377,22.945431285398612,4.216997147082512e-05,7,0,9
G351.416+00.646,8672,G351.416+00.646_8672,260.23190444369857,-35.79133786022231,0.0005668263183906674,13.441467912370314,4.216997147082512e-05,21,0,46
G351.416+00.646,8684,G351.416+00.646_8684,260.23190170411146,-35.791337860445296,0.0007430176483467221,17.61959096559436,4.216997147082512e-05,23,0,36
G351.416+00.646,8692,G351.416+00.646_8692,260.23193320936315,-35.79133785787723,0.0008064602734521031,19.124041238919137,4.216997147082512e-05,0,0,7
G351.416+00.646,8708,G351.416+00.646_8708,260.2319208812212,-35.79133785888312,0.0008523927535861731,20.21326370059066,4.216997147082512e-05,9,0,14
G351.416+00.646,8729,G351.416+00.646_8729,260.23193046977605,-35.791337858100874,0.0007211541524156928,17.101129720104655,4.216997147082512e-05,2,0,15
G351.416+00.646,8730,G351.416+00.646_8730,260.2318948551437,-35.791337861002475,0.0022366964258253574,53.0400270100442,4.216997147082512e-05,28,0,35
G351.416+00.646,8745,G351.416+00.646_8745,260.2315880213885,-35.79133788556608,0.0015697014750912786,37.223204577628444,4.216997147082512e-05,252,0,258
G351.416+00.646,8746,G351.416+00.646_8746,260.23190444369857,-35.79133786022231,0.0006084495689719915,14.428503215681362,4.216997147082512e-05,21,0,33
G351.416+00.646,8767,G351.416+00.646_8767,260.23188115720825,-35.791337862115704,0.0006688208086416125,15.860120017020396,4.216997147082512e-05,38,0,62
G351.416+00.646,8798,G351.416+00.646_8798,260.2319318395696,-35.791337857989056,0.0005831774906255305,13.829212358585448,4.216997147082512e-05,1,0,8
G351.416+00.646,8799,G351.416+00.646_8799,260.23193320936315,-35.79133785787723,0.0004983677063137293,11.818070748720332,4.216997147082512e-05,0,0,16
G351.416+00.646,8823,G351.416+00.646_8823,260.23190444369857,-35.79133786022231,0.0006418827106244862,15.221321908376591,4.216997147082512e-05,21,0,22
G351.416+00.646,8836,G351.416+00.646_8836,260.23192773018894,-35.79133785832445,0.00048534164670854807,11.509176548633118,4.216997147082512e-05,4,0,16
G351.416+00.646,8876,G351.416+00.646_8876,260.23126064073006,-35.79133791091518,0.004797350149601698,113.76223370036419,4.216997147082512e-05,491,0,767
G351.416+00.646,8877,G351.416+00.646_8877,260.2319263603954,-35.791337858436215,0.0007266561733558774,17.23160220439341,4.216997147082512e-05,5,0,19
G351.416+00.646,8881,G351.416+00.646_8881,260.2319290999825,-35.79133785821268,0.0005434163613244891,12.886334573416688,4.216997147082512e-05,3,0,26
G351.416+00.646,8882,G351.416+00.646_8882,260.2319290999825,-35.79133785821268,0.0006890968070365489,16.340936050034887,4.216997147082512e-05,3,0,7
G351.416+00.646,8918,G351.416+00.646_8918,260.2319126624599,-35.79133785955299,0.001352405990473926,32.070355831508564,4.216997147082512e-05,15,0,81
G351.416+00.646,8924,G351.416+00.646_8924,260.2318592405114,-35.791337863893595,0.0008403584943152964,19.92788861374237,4.216997147082512e-05,54,0,56
G351.416+00.646,8930,G351.416+00.646_8930,260.2318140373243,-35.79133786754798,0.0011593170929700136,27.491531355957303,4.216997147082512e-05,87,0,201
G351.416+00.646,8967,G351.416+00.646_8967,260.2319263603954,-35.791337858436215,0.0010725250467658043,25.433383266759385,4.216997147082512e-05,5,0,9
G351.416+00.646,8970,G351.416+00.646_8970,260.2319318395696,-35.791337857989056,0.0007832324481569231,18.57322689200287,4.216997147082512e-05,1,0,5
G351.416+00.646,8971,G351.416+00.646_8971,260.23193320936315,-35.79133785787723,0.0007171968463808298,17.007287919960188,4.216997147082512e-05,0,0,12
G351.416+00.646,8972,G351.416+00.646_8972,260.23193046977605,-35.791337858100874,0.0006908873911015689,16.383397166383016,4.216997147082512e-05,2,0,14
G351.416+00.646,8973,G351.416+00.646_8973,260.2319181416341,-35.79133785910647,0.0007709420751780272,18.281778438275584,4.216997147082512e-05,11,0,12
G351.416+00.646,8983,G351.416+00.646_8983,260.23193046977605,-35.791337858100874,0.0011279673781245947,26.74811812251208,4.216997147082512e-05,2,0,17
G351.416+00.646,8991,G351.416+00.646_8991,260.23192773018894,-35.79133785832445,0.0007987772114574909,18.941848514413085,4.216997147082512e-05,4,0,30
G351.416+00.646,9008,G351.416+00.646_9008,260.23193046977605,-35.791337858100874,0.00043708071461878717,10.36473821001224,4.216997147082512e-05,2,0,11
G351.416+00.646,9013,G351.416+00.646_9013,260.23193320936315,-35.79133785787723,0.0006049489020369947,14.34548995262002,4.216997147082512e-05,0,0,27
G351.416+00.646,9039,G351.416+00.646_9039,260.2319290999825,-35.79133785821268,0.0009056833223439753,21.476972612385175,4.216997147082512e-05,3,0,14
G351.416+00.646,9040,G351.416+00.646_9040,260.2318989645244,-35.791337860668236,0.0009360451367683709,22.196959213405314,4.216997147082512e-05,25,0,32
G351.416+00.646,9041,G351.416+00.646_9041,260.23193046977605,-35.791337858100874,0.0006500283489003778,15.414483961652511,4.216997147082512e-05,2,0,15
G351.416+00.646,9046,G351.416+00.646_9046,260.2318989645244,-35.791337860668236,0.0006407201290130615,15.193752963677897,4.216997147082512e-05,25,0,45
G351.416+00.646,9085,G351.416+00.646_9085,260.2316441829241,-35.791337881128335,0.0004280175198800862,10.149817629736978,4.216997147082512e-05,211,0,312
G351.416+00.646,9091,G351.416+00.646_9091,260.2319318395696,-35.791337857989056,0.000507754273712635,12.040659644835658,4.216997147082512e-05,1,0,6
G351.416+00.646,9146,G351.416+00.646_9146,260.2319085530792,-35.79133785988771,0.00042906682938337326,10.174700489902369,4.216997147082512e-05,18,0,67
G351.416+00.646,9164,G351.416+00.646_9164,260.23179212062746,-35.79133786931371,0.000549058779142797,13.02013636700366,4.216997147082512e-05,103,0,111
G351.416+00.646,9193,G351.416+00.646_9193,260.23188663638246,-35.79133786167059,0.0005425165873020887,12.86499773132224,4.216997147082512e-05,34,0,65
G351.416+00.646,9209,G351.416+00.646_9209,260.2317989695952,-35.79133786876232,0.000534412101842463,12.672811557678923,4.216997147082512e-05,98,0,188
G351.416+00.646,9251,G351.416+00.646_9251,260.23188663638246,-35.79133786167059,0.00047159104724414647,11.183100931676279,4.216997147082512e-05,34,0,36
G351.416+00.646,9289,G351.416+00.646_9289,260.2319318395696,-35.791337857989056,0.0005735778249800205,13.601570145164663,4.216997147082512e-05,1,0,29
G351.416+00.646,9311,G351.416+00.646_9311,260.23192499060184,-35.79133785854797,0.0004953980096615851,11.74764867944768,4.216997147082512e-05,6,0,13
G351.416+00.646,9356,G351.416+00.646_9356,260.2319140322534,-35.79133785944139,0.0008349003619514406,19.798456883686967,4.216997147082512e-05,14,0,20
G351.416+00.646,9382,G351.416+00.646_9382,260.2319318395696,-35.791337857989056,0.0010430297115817666,24.73394397013943,4.216997147082512e-05,1,0,6
G351.416+00.646,9383,G351.416+00.646_9383,260.2318660894792,-35.79133786333844,0.0035645533353090286,84.52823682309413,4.216997147082512e-05,49,0,289
G351.416+00.646,9388,G351.416+00.646_9388,260.23192499060184,-35.79133785854797,0.0005628810613416135,13.347911836531292,4.216997147082512e-05,6,0,32
G351.416+00.646,9401,G351.416+00.646_9401,260.2319236208083,-35.79133785865968,0.0005540698766708374,13.1389673112339,4.216997147082512e-05,7,0,8
G351.416+00.646,9402,G351.416+00.646_9402,260.23192773018894,-35.79133785832445,0.0008053784840740263,19.09838816540864,4.216997147082512e-05,4,0,7
G351.416+00.646,9403,G351.416+00.646_9403,260.23191677184053,-35.791337859218125,0.001110816141590476,26.341401306353344,4.216997147082512e-05,12,0,29
G351.416+00.646,9404,G351.416+00.646_9404,260.2319099228728,-35.79133785977618,0.0005425921990536153,12.8667907548622,4.216997147082512e-05,17,0,64
G351.416+00.646,9405,G351.416+00.646_9405,260.23183869360815,-35.79133786555677,0.0009088642545975745,21.55240382902235,4.216997147082512e-05,69,0,97
G351.416+00.646,9434,G351.416+00.646_9434,260.2319236208083,-35.79133785865968,0.0004710631910711527,11.170583584507595,4.216997147082512e-05,7,0,14
G351.416+00.646,9469,G351.416+00.646_9469,260.2319126624599,-35.79133785955299,0.0004990786546841264,11.834929863052173,4.216997147082512e-05,15,0,26
G351.416+00.646,9470,G351.416+00.646_9470,260.2318578707179,-35.79133786400458,0.0004300361906643957,10.197687493384054,4.216997147082512e-05,55,0,147
G351.416+00.646,9500,G351.416+00.646_9500,260.23193046977605,-35.791337858100874,0.0007798800361342728,18.49372928017808,4.216997147082512e-05,2,0,8
G351.416+00.646,9539,G351.416+00.646_9539,260.2319263603954,-35.791337858436215,0.0013005223590880632,30.840010408539566,4.216997147082512e-05,5,0,28
G351.416+00.646,9546,G351.416+00.646_9546,260.23192225101474,-35.791337858771406,0.00045765755930915475,10.852688378643572,4.216997147082512e-05,8,0,14
G351.416+00.646,9549,G351.416+00.646_9549,260.23192225101474,-35.791337858771406,0.0007258039549924433,17.21139307610354,4.216997147082512e-05,8,0,15
G351.416+00.646,9556,G351.416+00.646_9556,260.23193046977605,-35.791337858100874,0.000668837979901582,15.86052720866342,4.216997147082512e-05,2,0,5
G351.416+00.646,9565,G351.416+00.646_9565,260.2319236208083,-35.79133785865968,0.0004548262804746628,10.78554868810689,4.216997147082512e-05,7,0,8
G351.416+00.646,9567,G351.416+00.646_9567,260.2319290999825,-35.79133785821268,0.0010506787803024054,24.91533059322336,4.216997147082512e-05,3,0,5
G351.416+00.646,9568,G351.416+00.646_9568,260.23192773018894,-35.79133785832445,0.0005814355681650341,13.787905181944327,4.216997147082512e-05,4,0,7
G351.416+00.646,9575,G351.416+00.646_9575,260.2319140322534,-35.79133785944139,0.0007004878716543317,16.611058704152963,4.216997147082512e-05,14,0,17
G351.416+00.646,9591,G351.416+00.646_9591,260.23192499060184,-35.79133785854797,0.0006748723099008203,16.003622633885918,4.216997147082512e-05,6,0,8
G351.416+00.646,9599,G351.416+00.646_9599,260.23191951142763,-35.791337858994794,0.0005625401972793043,13.339828737339607,4.216997147082512e-05,10,0,12
G351.416+00.646,9622,G351.416+00.646_9622,260.2319236208083,-35.79133785865968,0.000648520071990788,15.378717351977823,4.216997147082512e-05,7,0,12
G351.416+00.646,9623,G351.416+00.646_9623,260.2319085530792,-35.79133785988771,0.0007144969422370195,16.9432635905703,4.216997147082512e-05,18,0,19
G351.416+00.646,9628,G351.416+00.646_9628,260.23185239154367,-35.791337864448366,0.0004723918973468244,11.202091935813714,4.216997147082512e-05,59,0,78
G351.416+00.646,9633,G351.416+00.646_9633,260.2319208812212,-35.79133785888312,0.0007136286585591733,16.92267349653984,4.216997147082512e-05,9,0,28
G351.416+00.646,9642,G351.416+00.646_9642,260.2319290999825,-35.79133785821268,0.0008475058129988611,20.09737695898608,4.216997147082512e-05,3,0,8
G351.416+00.646,9655,G351.416+00.646_9655,260.23190170411146,-35.791337860445296,0.0006555576692335308,15.545603811638143,4.216997147082512e-05,23,0,29
G351.416+00.646,9663,G351.416+00.646_9663,260.23190444369857,-35.79133786022231,0.0008964565931819379,21.25817404932661,4.216997147082512e-05,21,0,29
G351.416+00.646,9668,G351.416+00.646_9668,260.23193320936315,-35.79133785787723,0.0006174832815304399,14.642724668610212,4.216997147082512e-05,0,0,5
G351.416+00.646,9673,G351.416+00.646_9673,260.2319290999825,-35.79133785821268,0.000580870546400547,13.774506506422862,4.216997147082512e-05,3,0,12
G351.416+00.646,9675,G351.416+00.646_9675,260.2319318395696,-35.791337857989056,0.00048239403986372054,11.43927830725378,4.216997147082512e-05,1,0,6
G351.416+00.646,9680,G351.416+00.646_9680,260.23192773018894,-35.79133785832445,0.0006267920834943652,14.863469469691369,4.216997147082512e-05,4,0,8
G351.416+00.646,9686,G351.416+00.646_9686,260.231915402047,-35.79133785932975,0.0006852308288216591,16.249259957307046,4.216997147082512e-05,13,0,17
G351.416+00.646,9698,G351.416+00.646_9698,260.23193320936315,-35.79133785787723,0.000668313994538039,15.84810165215325,4.216997147082512e-05,0,0,11
G351.416+00.646,9727,G351.416+00.646_9727,260.2319290999825,-35.79133785821268,0.0006129015819169581,14.534076276076878,4.216997147082512e-05,3,0,5
G351.416+00.646,9732,G351.416+00.646_9732,260.23193320936315,-35.79133785787723,0.0005783071392215788,13.71371900551735,4.216997147082512e-05,0,0,24
G351.416+00.646,9750,G351.416+00.646_9750,260.23193320936315,-35.79133785787723,0.000538808642886579,12.777069182020872,4.216997147082512e-05,0,0,5
G351.416+00.646,9763,G351.416+00.646_9763,260.231915402047,-35.79133785932975,0.0005104239680804312,12.103967592995955,4.216997147082512e-05,13,0,17
G351.416+00.646,9781,G351.416+00.646_9781,260.2319181416341,-35.79133785910647,0.00048815886839292943,11.575982894146783,4.216997147082512e-05,11,0,19
G351.416+00.646,9782,G351.416+00.646_9782,260.23189348535016,-35.79133786111387,0.0008242384064942598,19.54562400082488,4.216997147082512e-05,29,0,32
G351.416+00.646,9796,G351.416+00.646_9796,260.23187019885984,-35.79133786300515,0.0010244189761579037,24.29261724463432,4.216997147082512e-05,46,0,54
G351.416+00.646,9800,G351.416+00.646_9800,260.2319085530792,-35.79133785988771,0.0004952888120897114,11.74505921666018,4.216997147082512e-05,18,0,23
G351.416+00.646,9832,G351.416+00.646_9832,260.2319140322534,-35.79133785944139,0.00047688602353446186,11.308663650967627,4.216997147082512e-05,14,0,20
G351.416+00.646,9838,G351.416+00.646_9838,260.23191951142763,-35.791337858994794,0.0004724999889731407,11.204655172698782,4.216997147082512e-05,10,0,40
G351.416+00.646,9842,G351.416+00.646_9842,260.2319208812212,-35.79133785888312,0.00047423443174920976,11.245784979420824,4.216997147082512e-05,9,0,14
G351.416+00.646,9852,G351.416+00.646_9852,260.23193046977605,-35.791337858100874,0.0008184266043826938,19.40780550323384,4.216997147082512e-05,2,0,7
G351.416+00.646,9858,G351.416+00.646_9858,260.23192499060184,-35.79133785854797,0.0008383076637983322,19.87925612845878,4.216997147082512e-05,6,0,9
G351.416+00.646,9899,G351.416+00.646_9899,260.2319290999825,-35.79133785821268,0.0008939717663452029,21.199249967804423,4.216997147082512e-05,3,0,5
G351.416+00.646,9911,G351.416+00.646_9911,260.23193046977605,-35.791337858100874,0.0006516215507872403,15.45226444457185,4.216997147082512e-05,2,0,6
G351.416+00.646,9918,G351.416+00.646_9918,260.2319140322534,-35.79133785944139,0.0006978354067541659,16.548159327946344,4.216997147082512e-05,14,0,32
G351.416+00.646,9944,G351.416+00.646_9944,260.23192499060184,-35.79133785854797,0.0007533478201366961,17.864556077726835,4.216997147082512e-05,6,0,81
G351.416+00.646,9955,G351.416+00.646_9955,260.2319263603954,-35.791337858436215,0.0008316024905070662,19.72025262294527,4.216997147082512e-05,5,0,13
G351.416+00.646,9961,G351.416+00.646_9961,260.2318770478276,-35.79133786244936,0.0010431755799800158,24.737403028639147,4.216997147082512e-05,41,0,57
G351.416+00.646,9966,G351.416+00.646_9966,260.2319290999825,-35.79133785821268,0.0006473555113188922,15.351101476716881,4.216997147082512e-05,3,0,6
G351.416+00.646,9977,G351.416+00.646_9977,260.2318167769114,-35.79133786732697,0.0012916743289679289,30.63019214659799,4.216997147082512e-05,85,0,183
G351.416+00.646,9992,G351.416+00.646_9992,260.2319290999825,-35.79133785821268,0.0004943874082528055,11.723683725867412,4.216997147082512e-05,3,0,6
G351.416+00.646,9997,G351.416+00.646_9997,260.2319208812212,-35.79133785888312,0.000584946246817708,13.87115585843821,4.216997147082512e-05,9,0,15
G351.416+00.646,9998,G351.416+00.646_9998,260.23193046977605,-35.791337858100874,0.0009798386599868536,23.23545939946261,4.216997147082512e-05,2,0,5
G351.416+00.646,9999,G351.416+00.646_9999,260.2319181416341,-35.79133785910647,0.001048040110617876,24.852758350641814,4.216997147082512e-05,11,0,23
G351.416+00.646,10030,G351.416+00.646_10030,260.23190033431797,-35.79133786055678,0.0013075582683086395,31.006856839190913,4.216997147082512e-05,24,0,37
G351.416+00.646,10041,G351.416+00.646_10041,260.2319181416341,-35.79133785910647,0.0008846467826515436,20.978121440361367,4.216997147082512e-05,11,0,175
G351.416+00.646,10046,G351.416+00.646_10046,260.2319290999825,-35.79133785821268,0.0004907235270366073,11.636800071731363,4.216997147082512e-05,3,0,25
G351.416+00.646,10053,G351.416+00.646_10053,260.2319099228728,-35.79133785977618,0.0013181456597521901,31.25792154410482,4.216997147082512e-05,17,0,31
G351.416+00.646,10078,G351.416+00.646_10078,260.23192773018894,-35.79133785832445,0.0007794270641170442,18.48298770266618,4.216997147082512e-05,4,0,5
G351.416+00.646,10083,G351.416+00.646_10083,260.2318921155566,-35.791337861225244,0.000528659496922046,12.536396836023327,4.216997147082512e-05,30,0,35
G351.416+00.646,10096,G351.416+00.646_10096,260.23192499060184,-35.79133785854797,0.0008268084493465722,19.606568857144982,4.216997147082512e-05,6,0,13
G351.416+00.646,10099,G351.416+00.646_10099,260.23191677184053,-35.791337859218125,0.0012930433731526136,30.66265705318755,4.216997147082512e-05,12,0,16
G351.416+00.646,10100,G351.416+00.646_10100,260.2319290999825,-35.79133785821268,0.00044405541848391294,10.530133244010571,4.216997147082512e-05,3,0,6
G351.416+00.646,10105,G351.416+00.646_10105,260.23192225101474,-35.791337858771406,0.0010764942271634936,25.527506650277335,4.216997147082512e-05,8,0,12
G351.416+00.646,10114,G351.416+00.646_10114,260.2319112926663,-35.791337859664594,0.0013456754386425018,31.910750510549768,4.216997147082512e-05,16,0,25
G351.416+00.646,10117,G351.416+00.646_10117,260.231903073905,-35.79133786033381,0.0011345093371346593,26.903251236950883,4.216997147082512e-05,22,0,57
G351.416+00.646,10130,G351.416+00.646_10130,260.2319318395696,-35.791337857989056,0.0014022010145708919,33.25117294757932,4.216997147082512e-05,1,0,116
G351.416+00.646,10150,G351.416+00.646_10150,260.2318921155566,-35.791337861225244,0.0012248704442754388,29.046034454228963,4.216997147082512e-05,30,0,35
G351.416+00.646,10172,G351.416+00.646_10172,260.2318455425759,-35.79133786500277,0.001156909973360598,27.434449989158633,4.216997147082512e-05,64,0,71
G351.416+00.646,10173,G351.416+00.646_10173,260.23192773018894,-35.79133785832445,0.0005124269519001245,12.151465462921694,4.216997147082512e-05,4,0,5
G351.416+00.646,10180,G351.416+00.646_10180,260.2319140322534,-35.79133785944139,0.0012153112329542637,28.819351556712927,4.216997147082512e-05,14,0,15
G351.416+00.646,10209,G351.416+00.646_10209,260.23193320936315,-35.79133785787723,0.000963908270932734,22.85769321896754,4.216997147082512e-05,0,0,7
G351.416+00.646,10210,G351.416+00.646_10210,260.2318852665889,-35.79133786178189,0.0010783838806673884,25.572317055359115,4.216997147082512e-05,35,0,42
G351.416+00.646,10213,G351.416+00.646_10213,260.2318921155566,-35.791337861225244,0.0005725793889723718,13.577893676511145,4.216997147082512e-05,30,0,34
G351.416+00.646,10237,G351.416+00.646_10237,260.2318633498921,-35.79133786356055,0.0013453378342092037,31.902744708754724,4.216997147082512e-05,51,0,111
G351.416+00.646,10238,G351.416+00.646_10238,260.23188389679535,-35.79133786189318,0.0005586522165685892,13.247630887184433,4.216997147082512e-05,36,0,44
G351.416+00.646,10251,G351.416+00.646_10251,260.23192225101474,-35.791337858771406,0.000960600096732378,22.77924464324003,4.216997147082512e-05,8,0,17
G351.416+00.646,10256,G351.416+00.646_10256,260.231915402047,-35.79133785932975,0.0010260057169944048,24.330244513071033,4.216997147082512e-05,13,0,15
G351.416+00.646,10287,G351.416+00.646_10287,260.23193046977605,-35.791337858100874,0.0010132254101336002,24.027177984566347,4.216997147082512e-05,2,0,9
G351.416+00.646,10288,G351.416+00.646_10288,260.231915402047,-35.79133785932975,0.0005099490517750382,12.092705638367375,4.216997147082512e-05,13,0,17
G351.416+00.646,10299,G351.416+00.646_10299,260.2319126624599,-35.79133785955299,0.0010956631740555167,25.982070554957346,4.216997147082512e-05,15,0,35
G351.416+00.646,10322,G351.416+00.646_10322,260.23192773018894,-35.79133785832445,0.0008456408395431936,20.05315180562173,4.216997147082512e-05,4,0,17
G351.416+00.646,10328,G351.416+00.646_10328,260.2319263603954,-35.791337858436215,0.0011086409213021398,26.28981909720148,4.216997147082512e-05,5,0,24
G351.416+00.646,10335,G351.416+00.646_10335,260.2319181416341,-35.79133785910647,0.0009134286665357649,21.66064226929135,4.216997147082512e-05,11,0,16
G351.416+00.646,10339,G351.416+00.646_10339,260.2319318395696,-35.791337857989056,0.0009808330796658993,23.259040626680978,4.216997147082512e-05,1,0,15
G351.416+00.646,10340,G351.416+00.646_10340,260.2319318395696,-35.791337857989056,0.0008002600516192615,18.977011928331837,4.216997147082512e-05,1,0,12
G351.416+00.646,10350,G351.416+00.646_10350,260.231888006176,-35.79133786155928,0.0013067086692899466,30.98670982488049,4.216997147082512e-05,33,0,135
G351.416+00.646,10359,G351.416+00.646_10359,260.23192225101474,-35.791337858771406,0.000985291670076549,23.364769662180432,4.216997147082512e-05,8,0,10
G351.416+00.646,10360,G351.416+00.646_10360,260.2319318395696,-35.791337857989056,0.0010785110061988235,25.575331653828144,4.216997147082512e-05,1,0,13
G351.416+00.646,10380,G351.416+00.646_10380,260.23189348535016,-35.79133786111387,0.00043182080844417214,10.240007127890118,4.216997147082512e-05,29,0,30
G351.416+00.646,10399,G351.416+00.646_10399,260.23192773018894,-35.79133785832445,0.0008518540998920798,20.2004903057956,4.216997147082512e-05,4,0,9
G351.416+00.646,10413,G351.416+00.646_10413,260.2319263603954,-35.791337858436215,0.0010312697850167751,24.455074287404937,4.216997147082512e-05,5,0,7
G351.416+00.646,10428,G351.416+00.646_10428,260.23193046977605,-35.791337858100874,0.001050183898769319,24.90359519204035,4.216997147082512e-05,2,0,7
G351.416+00.646,10439,G351.416+00.646_10439,260.23190170411146,-35.791337860445296,0.0011912473710253835,28.248711807868695,4.216997147082512e-05,23,0,61
G351.416+00.646,10445,G351.416+00.646_10445,260.23188937596956,-35.79133786144795,0.0004301280714571476,10.199866313751896,4.216997147082512e-05,32,0,39
G351.416+00.646,10462,G351.416+00.646_10462,260.2318852665889,-35.79133786178189,0.0004722055164165795,11.197672181098588,4.216997147082512e-05,35,0,44
G351.416+00.646,10571,G351.416+00.646_10571,260.2319099228728,-35.79133785977618,0.0005460494430735707,12.94877430617542,4.216997147082512e-05,17,0,34
G351.416+00.646,10572,G351.416+00.646_10572,260.2319208812212,-35.79133785888312,0.00047296599950641394,11.215705939797251,4.216997147082512e-05,9,0,10
G351.416+00.646,12279,G351.416+00.646_12279,260.2308360047295,-35.79133794247304,0.0033011483028531075,78.28196671029228,4.216997147082512e-05,801,0,807
G351.416+00.646,14185,G351.416+00.646_14185,260.2317729435178,-35.79133787085542,0.00044910795986652374,10.649946969426685,4.216997147082512e-05,117,0,151
G351.444+00.659,619,G351.444+00.659_619,260.2373526211373,-35.76038840101578,0.0004365667700767517,12.785135959670725,3.414643156348533e-05,35,0,79
G351.444+00.659,1267,G351.444+00.659_1267,260.237337559272,-35.76038840223764,0.00042829252197407186,12.542819333194066,3.414643156348533e-05,46,0,75
G351.444+00.659,1363,G351.444+00.659_1363,260.2373594674397,-35.76038840045977,0.0003950429963879287,11.56908579607979,3.414643156348533e-05,30,0,41
G351.444+00.659,1372,G351.444+00.659_1372,260.2373964374727,-35.760388397450626,0.0003763620334211737,11.02200189561355,3.414643156348533e-05,3,0,5
G351.444+00.659,1376,G351.444+00.659_1376,260.23738548338883,-35.760388398343395,0.0006142789497971535,17.989550347452294,3.414643156348533e-05,11,0,77
G351.444+00.659,1380,G351.444+00.659_1380,260.23739096043073,-35.76038839789712,0.00036430367617867887,10.668865222457066,3.414643156348533e-05,7,0,11
G351.444+00.659,1398,G351.444+00.659_1398,260.23716366319115,-35.76038841620857,0.0005076085799373686,14.865640615875733,3.414643156348533e-05,173,0,218
G351.444+00.659,1403,G351.444+00.659_1403,260.23739096043073,-35.76038839789712,0.0015041735023260117,44.05067919116057,3.414643156348533e-05,7,0,15
G351.444+00.659,1405,G351.444+00.659_1405,260.23736220596066,-35.76038840023725,0.004579823464155197,134.12304754716027,3.414643156348533e-05,28,0,382
G351.444+00.659,1462,G351.444+00.659_1462,260.2373266051882,-35.76038840312506,0.000450394582003355,13.190092240413986,3.414643156348533e-05,54,0,58
G351.444+00.659,1533,G351.444+00.659_1533,260.23731838962533,-35.76038840379,0.0003417464322410524,10.008261964524012,3.414643156348533e-05,60,0,64
G351.444+00.659,1550,G351.444+00.659_1550,260.2373279744487,-35.7603884030142,0.0012943013571202755,37.90443972787902,3.414643156348533e-05,53,0,213
G351.444+00.659,1621,G351.444+00.659_1621,260.2373279744487,-35.7603884030142,0.000358260003849864,10.491872428420054,3.414643156348533e-05,53,0,74
G351.444+00.659,1761,G351.444+00.659_1761,260.2373676830026,-35.76038839979206,0.0003496750723570585,10.240457240954731,3.414643156348533e-05,24,0,32
G351.444+00.659,1938,G351.444+00.659_1938,260.23734029779297,-35.7603884020156,0.0004424778453540057,12.958245564586953,3.414643156348533e-05,44,0,107
G351.444+00.659,2183,G351.444+00.659_2183,260.23734440557445,-35.76038840168248,0.00039576186100021005,11.590138204175341,3.414643156348533e-05,41,0,76
G351.444+00.659,2427,G351.444+00.659_2427,260.23739096043073,-35.76038839789712,0.0004765608173329383,13.956387110228853,3.414643156348533e-05,7,0,126
G351.444+00.659,2493,G351.444+00.659_2493,260.23730469702053,-35.760388404896986,0.0004595904902089387,13.459400270112098,3.414643156348533e-05,70,0,158
G351.444+00.659,2986,G351.444+00.659_2986,260.23719104840075,-35.76038841402503,0.0006080323364585638,17.806614296668307,3.414643156348533e-05,153,0,195
G351.444+00.659,3056,G351.444+00.659_3056,260.2372923736762,-35.76038840589193,0.000513702689204365,15.044110487776292,3.414643156348533e-05,79,0,80
G351.444+00.659,3060,G351.444+00.659_3060,260.2373936989517,-35.76038839767391,0.0007633552886545658,22.355345894206526,3.414643156348533e-05,5,0,7
G351.444+00.659,3062,G351.444+00.659_3062,260.2373923296912,-35.760388397785526,0.0008612815290689468,25.223178224865023,3.414643156348533e-05,6,0,14
G351.444+00.659,3068,G351.444+00.659_3068,260.23738411412836,-35.76038839845492,0.0008650550153106451,25.333687173206595,3.414643156348533e-05,12,0,15
G351.444+00.659,3433,G351.444+00.659_3433,260.23729921997864,-35.76038840533935,0.0004769813094753772,13.96870149047843,3.414643156348533e-05,74,0,86
G351.444+00.659,3876,G351.444+00.659_3876,260.23739096043073,-35.76038839789712,0.0005480058025568724,16.048699013775874,3.414643156348533e-05,7,0,22
G351.444+00.659,3877,G351.444+00.659_3877,260.23712395463724,-35.76038841936367,0.00660344585776329,193.38611841433882,3.414643156348533e-05,202,0,256
G351.444+00.659,3887,G351.444+00.659_3887,260.23738548338883,-35.760388398343395,0.0006321999244391918,18.51437750570804,3.414643156348533e-05,11,0,18
G351.444+00.659,3889,G351.444+00.659_3889,260.2373923296912,-35.760388397785526,0.0006476010894402862,18.965410433481487,3.414643156348533e-05,6,0,15
G351.444+00.659,3905,G351.444+00.659_3905,260.23738548338883,-35.760388398343395,0.0007556043565273285,22.1283549094289,3.414643156348533e-05,11,0,16
G351.444+00.659,3955,G351.444+00.659_3955,260.2373471440954,-35.760388401460304,0.00135118851903826,39.57041650241312,3.414643156348533e-05,39,0,186
G351.444+00.659,3999,G351.444+00.659_3999,260.2370952001672,-35.76038842164027,0.0020977340172976255,61.43347697686949,3.414643156348533e-05,223,0,240
G351.444+00.659,4001,G351.444+00.659_4001,260.23735672891877,-35.760388400682224,0.00046804454177618027,13.706982555585288,3.414643156348533e-05,32,0,153
G351.444+00.659,4676,G351.444+00.659_4676,260.23723075695466,-35.760388410847845,0.0007872462156228721,23.055006909264222,3.414643156348533e-05,124,0,145
G351.444+00.659,4691,G351.444+00.659_4691,260.237343036314,-35.76038840179354,0.002611409407109022,76.47678798453268,3.414643156348533e-05,42,0,246
G351.444+00.659,4714,G351.444+00.659_4714,260.23734029779297,-35.7603884020156,0.0009756040526553988,28.57118615283555,3.414643156348533e-05,44,0,128
G351.444+00.659,4716,G351.444+00.659_4716,260.237374529305,-35.760388399235204,0.0006469021318480372,18.94494101514858,3.414643156348533e-05,19,0,64
G351.444+00.659,4779,G351.444+00.659_4779,260.2373868526493,-35.760388398231854,0.00044062413508072495,12.903958478399504,3.414643156348533e-05,10,0,98
G351.444+00.659,4923,G351.444+00.659_4923,260.2373964374727,-35.760388397450626,0.0005207454087212682,15.250361015120834,3.414643156348533e-05,3,0,27
G351.444+00.659,4934,G351.444+00.659_4934,260.2373800063469,-35.76038839878941,0.00043042312609031796,12.605215431957268,3.414643156348533e-05,15,0,17
G351.444+00.659,4939,G351.444+00.659_4939,260.2373936989517,-35.76038839767391,0.003086329437792301,90.3851236125266,3.414643156348533e-05,5,0,296
G351.444+00.659,4940,G351.444+00.659_4940,260.23738959117026,-35.76038839800872,0.0003955853171646595,11.584968005490824,3.414643156348533e-05,8,0,14
G351.444+00.659,4969,G351.444+00.659_4969,260.23734440557445,-35.76038840168248,0.0009254702599719167,27.102986098306488,3.414643156348533e-05,41,0,79
G351.444+00.659,5136,G351.444+00.659_5136,260.23711847759535,-35.760388419797835,0.0020293439738452435,59.43063098913485,3.414643156348533e-05,206,0,307
G351.444+00.659,5150,G351.444+00.659_5150,260.237140385763,-35.7603884180597,0.0014393721939995885,42.15293159765452,3.414643156348533e-05,190,0,847
G351.444+00.659,5332,G351.444+00.659_5332,260.23739917599363,-35.76038839722726,0.0009458450949750841,27.69967612037472,3.414643156348533e-05,1,0,22
G351.444+00.659,5353,G351.444+00.659_5353,260.2373964374727,-35.760388397450626,0.0008977112011052668,26.290044376562005,3.414643156348533e-05,3,0,7
G351.444+00.659,5410,G351.444+00.659_5410,260.23721843361034,-35.76038841183527,0.0008386977715417743,24.561798499572657,3.414643156348533e-05,133,0,263
G351.444+00.659,5441,G351.444+00.659_5441,260.237337559272,-35.76038840223764,0.0003576427116058767,10.47379463183274,3.414643156348533e-05,46,0,59
G351.444+00.659,6186,G351.444+00.659_6186,260.23712258537677,-35.76038841947224,0.000695328984875232,20.36315225450339,3.414643156348533e-05,203,0,271
G351.444+00.659,6268,G351.444+00.659_6268,260.23734440557445,-35.76038840168248,0.002338336780667305,68.47968216883366,3.414643156348533e-05,41,0,1507
G351.444+00.659,6299,G351.444+00.659_6299,260.2373964374727,-35.760388397450626,0.0004956024931743741,14.514034717008302,3.414643156348533e-05,3,0,8
G351.444+00.659,6303,G351.444+00.659_6303,260.2371116312929,-35.76038842034019,0.0008461718680337071,24.780682176422957,3.414643156348533e-05,211,0,257
G351.444+00.659,6322,G351.444+00.659_6322,260.23739917599363,-35.76038839722726,0.0004411538247950375,12.91947077910149,3.414643156348533e-05,1,0,10
G351.444+00.659,6345,G351.444+00.659_6345,260.2373868526493,-35.760388398231854,0.0005169393843971193,15.138899168307567,3.414643156348533e-05,10,0,20
G351.444+00.659,6373,G351.444+00.659_6373,260.23642973957413,-35.76038847241573,0.0026328822132200003,77.10563278991317,3.414643156348533e-05,709,0,1254
G351.444+00.659,6390,G351.444+00.659_6390,260.23739096043073,-35.76038839789712,0.0006062794709578156,17.755280513883736,3.414643156348533e-05,7,0,12
G351.444+00.659,6468,G351.444+00.659_6468,260.2373868526493,-35.760388398231854,0.00036778440698981285,10.770800641526042,3.414643156348533e-05,10,0,13
G351.444+00.659,6474,G351.444+00.659_6474,260.2373800063469,-35.76038839878941,0.0010580624220892787,30.986032028621214,3.414643156348533e-05,15,0,161
G351.444+00.659,6497,G351.444+00.659_6497,260.23737179078404,-35.76038839945797,0.0005231876275502145,15.32188294924756,3.414643156348533e-05,21,0,26
G351.444+00.659,6514,G351.444+00.659_6514,260.2373663137421,-35.76038839990338,0.0008491800399497151,24.868778407222806,3.414643156348533e-05,25,0,28
G351.444+00.659,6515,G351.444+00.659_6515,260.2373334514906,-35.76038840257054,0.0006060039158910513,17.747210708221846,3.414643156348533e-05,49,0,158
G351.444+00.659,6519,G351.444+00.659_6519,260.2374005452541,-35.76038839711556,0.00045907730236649513,13.444371237239675,3.414643156348533e-05,0,0,8
G351.444+00.659,6521,G351.444+00.659_6521,260.23739096043073,-35.76038839789712,0.0005051715415902436,14.79427039545917,3.414643156348533e-05,7,0,12
G351.444+00.659,6522,G351.444+00.659_6522,260.23697059746354,-35.76038843142645,0.0007356629357673228,21.544357699561438,3.414643156348533e-05,314,0,352
G351.444+00.659,6524,G351.444+00.659_6524,260.23739096043073,-35.76038839789712,0.0007570442394353449,22.17052279761187,3.414643156348533e-05,7,0,9
G351.444+00.659,6547,G351.444+00.659_6547,260.23739506821215,-35.76038839756227,0.0005936247180216014,17.384678012925875,3.414643156348533e-05,4,0,11
G351.444+00.659,6549,G351.444+00.659_6549,260.23731017406243,-35.76038840445437,0.0017382968217134476,50.90712973862559,3.414643156348533e-05,66,0,244
G351.444+00.659,6561,G351.444+00.659_6561,260.23737042152356,-35.76038839956935,0.0008811750449240208,25.80577250907559,3.414643156348533e-05,22,0,45
G351.444+00.659,6565,G351.444+00.659_6565,260.23739917599363,-35.76038839722726,0.00046356013626791537,13.575653883658694,3.414643156348533e-05,1,0,8
G351.444+00.659,6587,G351.444+00.659_6587,260.2373868526493,-35.760388398231854,0.0007683510193601251,22.50164905025582,3.414643156348533e-05,10,0,21
G351.444+00.659,6592,G351.444+00.659_6592,260.23739506821215,-35.76038839756227,0.0009136618464253843,26.757169185503223,3.414643156348533e-05,4,0,5
G351.444+00.659,6636,G351.444+00.659_6636,260.2373663137421,-35.76038839990338,0.0004895178717561066,14.335842702801637,3.414643156348533e-05,25,0,90
G351.444+00.659,6649,G351.444+00.659_6649,260.2374005452541,-35.76038839711556,0.0016138795763254166,47.2634914522438,3.414643156348533e-05,0,0,7
G351.444+00.659,6663,G351.444+00.659_6663,260.23739917599363,-35.76038839722726,0.001611505402252078,47.193962252130326,3.414643156348533e-05,1,0,9
G351.444+00.659,6735,G351.444+00.659_6735,260.2373526211373,-35.76038840101578,0.00046802053111605346,13.706279388108413,3.414643156348533e-05,35,0,73
G351.444+00.659,6952,G351.444+00.659_6952,260.2374005452541,-35.76038839711556,0.0004475711612030864,13.107406563727116,3.414643156348533e-05,0,0,6
G351.444+00.659,6960,G351.444+00.659_6960,260.23739917599363,-35.76038839722726,0.00047114043263718486,13.797647691567322,3.414643156348533e-05,1,0,7
G351.444+00.659,6968,G351.444+00.659_6968,260.23695142781685,-35.760388432920614,0.002257764106616378,66.12006008354706,3.414643156348533e-05,328,0,865
G351.444+00.659,7047,G351.444+00.659_7047,260.23737726782593,-35.760388399012335,0.0006946426001377404,20.343051040231103,3.414643156348533e-05,17,0,47
G351.444+00.659,7064,G351.444+00.659_7064,260.2373964374727,-35.760388397450626,0.0004973543109372258,14.565337816121154,3.414643156348533e-05,3,0,19
G351.444+00.659,7205,G351.444+00.659_7205,260.2373663137421,-35.76038839990338,0.00034893304109573364,10.218726382784522,3.414643156348533e-05,25,0,97
G351.444+00.659,7658,G351.444+00.659_7658,260.23669400684673,-35.760388452690506,0.0010378670413047075,30.39459743765894,3.414643156348533e-05,516,0,620
G351.444+00.659,7716,G351.444+00.659_7716,260.237374529305,-35.760388399235204,0.00036259880289435387,10.618936922302032,3.414643156348533e-05,19,0,84
G351.444+00.659,8751,G351.444+00.659_8751,260.2371705094935,-35.76038841566325,0.000679374672472477,19.89592005271116,3.414643156348533e-05,168,0,472
G351.444+00.659,8912,G351.444+00.659_8912,260.23733071296965,-35.76038840279241,0.0003558156604412943,10.420288274625678,3.414643156348533e-05,51,0,122
