{"NGC6334I": [0.0737849659351486, 0.04144209966264415, 62.80726865245817], "G5.89": [0.06321680767954202, 0.043046792009628465, 66.33883690574217], "IRAS16547": [0.09247213364716597, 0.057379883569228136, 124.02769800912708], "G333": [0.06928692378070178, 0.04070314058218772, 54.10405875149823], "W33A": [0.10337622463703156, 0.06699109077453613, -86.37934875488281], "I16562": [0.10600820183753967, 0.053324222564697266, 81.59331512451172], "G335": [0.0658033344482128, 0.04111107499840693, 47.319356777520326], "G34.43": [0.1052900105714798, 0.06876800209283829, 59.53911209106445], "IRAS18162": [0.09927568584680557, 0.06594837456941605, -88.9883804321289], "G351.77": [0.08216371467985935, 0.05684357043734613, 121.31745547851396], "NGC6334IN": [0.07447022124971087, 0.041613463617145276, 63.397725982705545], "G29.96": [0.09856718464997781, 0.07134884447400905, 64.95817565917969], "G11": [0.10129036009311676, 0.06613516062498093, -86.90570068359375], "IRAS18089": [0.06354971921846407, 0.044930614017125815, 65.84776073667722], "/orange/adamginsburg/salt/G351": [0.0271777827292668, 0.021742420271039998, -89.31478118896], "/orange/adamginsburg/salt/I16547": [0.06526206433764001, 0.04316686838856, 35.7102088928], "/orange/adamginsburg/salt/maud": [0.037536460401256036, 0.022107068353723506, 44.414886550702626], "/orange/adamginsburg/salt/s255ir": [0.03646451979875556, 0.02744857035577296, 5.5526123046875], "G351": [0.0271777827292668, 0.021742420271039998, -89.31478118896], "I16547": [0.06526206433764001, 0.04316686838856, 35.7102088928], "maud": [0.037536460401256036, 0.022107068353723506, 44.414886550702626], "s255ir": [0.03646451979875556, 0.02744857035577296, 5.5526123046875], "orion": [0.04959866404533386, 0.03866646811366081, 72.70349884033203]}