{"NGC6334I": [0.07804282009601593, 0.051630012691020966, 70.59971618652344], "G5.89": [0.05795148657317544, 0.04095939016036121, 66.31839430366688], "IRAS16547": [0.07686583218914345, 0.05244795041329405, 126.31673324398756], "G333": [0.07612335681915283, 0.058185502886772156, 58.16907501220703], "W33A": [0.0966954454779625, 0.06535904854536057, -83.22697448730469], "I16562": [0.09567944070181846, 0.05012410463076423, 82.57850646972655], "G335": [0.07347185909748077, 0.06121784448623657, 50.99840545654297], "G34.43": [0.095871701836586, 0.07116999477148056, 61.10786819458008], "IRAS18162": [0.09307271242141724, 0.06486117839813232, -85.60118865966797], "G351.77": [0.12185147188038378, 0.06738864666347463, 113.00846099853513], "NGC6334IN": [0.07778939604759216, 0.051596663892269135, 70.34847259521484], "G29.96": [0.09104029089212418, 0.06827182322740555, 65.14855194091797], "G11": [0.09511609974898803, 0.06500983670362831, 96.09446716308595], "IRAS18089": [0.05811413273853422, 0.04250136871049898, 67.50644852773999], "/orange/adamginsburg/salt/G351": [0.0271777827292668, 0.021742420271039998, -89.31478118896], "/orange/adamginsburg/salt/I16547": [0.06526206433764001, 0.04316686838856, 35.7102088928], "/orange/adamginsburg/salt/maud": [0.037536460401256036, 0.022107068353723506, 44.414886550702626], "/orange/adamginsburg/salt/s255ir": [0.03646451979875556, 0.02744857035577296, 5.5526123046875], "G351": [0.0271777827292668, 0.021742420271039998, -89.31478118896], "I16547": [0.06526206433764001, 0.04316686838856, 35.7102088928], "maud": [0.037536460401256036, 0.022107068353723506, 44.414886550702626], "s255ir": [0.03646451979875556, 0.02744857035577296, 5.5526123046875], "orion": [0.11275905273153927, 0.10400069443224592, 25.165424346923906]}