{"NGC6334I": {"verysmall": [0.07421875, 7.714804169292351], "mm1d": [0.10182291666666667, 20.292272784684126], "mm1b": [0.23203125, 27.492756676023657], "mm2a": [0.23671875, 15.663390283108717], "smallcutout": [0.109375, 17.393376672586395], "cutout": [NaN, NaN], "mm1_all": [NaN, NaN], "mm2b": [0.07421875, 7.714804169292351]}, "G5.89": {"diskcandidate2": [0.06484375, 326.2572771797292], "diskcandidate1": [0.05130208333333333, 241.70929292450515], "edgeondisk": [0.0010416666666666667, 85.58578076315163]}, "IRAS16547": {"cutout": [0.27890625, 84.09537351955697]}, "G333": {"cutout3": [0.0, 14.457671592705545], "cutout": [0.015364583333333333, 70.5985002448998], "cutout2": [0.08463541666666667, 45.15675348111277]}, "W33A": {"small": [0.16632124352331606, 51.87987872640841], "big": [NaN, NaN]}, "I16562": {"bigbox": [0.03463541666666667, 284.53724571032313], "box": [0.04739583333333333, 81.68115866857677], "rrldiskbox": [0.03697916666666667, 25.203676920029956]}, "G335": {"cutout2": [0.28567708333333336, 118.06398246610499], "cutout": [NaN, NaN]}, "G34.43": {"cutout": [0.34997413347128814, 53.557717075423426]}, "IRAS18162": {"cutout2": [0.010103626943005182, 36.32849091704469], "cutout": [NaN, NaN], "GGD27": [NaN, NaN], "GGD27_cutout": [NaN, NaN]}, "G351.77": {"cutout3": [0.3111979166666667, 24.142523629437964], "disk1": [0.16927083333333334, 5.365005250986214], "disk2": [0.016927083333333332, 2.874109955885472], "cutout": [NaN, NaN], "cutout2": [NaN, NaN], "disk3": [0.050520833333333334, 3.065717286277837]}, "NGC6334IN": {"IN_1": [0.1640625, 278.01178902428046], "IN_3_sm": [0.06041666666666667, 22.652470695473237], "IN_3": [0.04244791666666667, 83.0436807573357]}, "G29.96": {"cutout": [0.22193481634764614, 369.44614474914493]}, "G11": {"sourceAsmall": [0.16191709844559585, 103.48591385738536], "sourceAdisk": [0.26735751295336785, 18.338942341117814], "sourceAsmaller": [0.2696891191709845, 9.432961721437037], "sourceA": [0.16191709844559585, 103.48591385738536]}, "IRAS18089": {"diskbox": [0.2609375, 274.1285348359453], "innerdiskbox": [0.3296875, 57.026400583190785], "continuumcutout": [NaN, NaN], "continuumpolygon": [NaN, NaN]}, "G351": {"disk1": [0.1445221445221445, 41.44543083143082], "disk2": [0.04895104895104895, 21.357465257277862], "disk3": [0.07692307692307693, 24.30718510924456]}, "I16547": {"I16547A": [0.18717413972888425, 7.719069175195976], "I16547B": [0.1777893639207508, 5.974760036904938]}, "s255ir": {"rrlcenter": [0.04375, 19.504798536546232], "zoom": [NaN, NaN]}}