{"NGC6334I": [10.377, 10.377], "G5.89": [7.1800000000005735, 7.1800000000005735], "IRAS16547": [5.13000000000041, 5.13000000000041], "G333": [6.660000000000533, 6.660000000000533], "W33A": [5.13000000000041, 5.13000000000041], "I16562": [13.347000000000001, 13.347000000000001], "G335": [5.13000000000041, 5.13000000000041], "G34.43": [5.329999999999836, 5.329999999999836], "IRAS18162": [8.210000000000656, 8.210000000000656], "G351.77": [8.527999999999738, 8.527999999999738], "NGC6334IN": [15.561, 15.561], "G29.96": [5.329999999999836, 5.329999999999836], "G11": [5.13000000000041, 5.13000000000041], "IRAS18089": [5.13000000000041, 5.13000000000041], "/orange/adamginsburg/salt/G351": [12.800000000001024, 12.800000000001024], "/orange/adamginsburg/salt/I16547": [8.191999999999181, 8.191999999999181], "/orange/adamginsburg/salt/maud": [2.560000000000205, 2.560000000000205], "/orange/adamginsburg/salt/s255ir": [2.09999999999988, 2.10000000000006], "G351": [12.800000000001024, 12.800000000001024], "I16547": [8.191999999999181, 8.191999999999181], "maud": [2.560000000000205, 2.560000000000205], "s255ir": [2.09999999999988, 2.10000000000006], "orion": [0.5119999988281344, 0.5119999988281344]}