{"G351": 2.9999999999899956, "I16547": 1.2596650697607856, "maud": 0.6700526888945717, "s255ir": 1.3276653692257696, "orion": 1.343424232506095, "NGC6334I": 0.6654051339685338, "G5.89": 0.6653889346061987, "IRAS16547": 0.6654042665657016, "G333": 0.6654183369696511, "W33A": 0.6654115522824213, "I16562": 0.6654109108585544, "G335": 0.6654163721104851, "G34.43": 0.6653938881750037, "IRAS18162": 0.665413218221147, "G351.77": 0.6653956006900899, "NGC6334IN": 0.6654051095990781, "G29.96": 0.6653978321996874, "G11": 0.6654122966733667, "IRAS18089": 0.6653822831606249}