{"G351": 2.9999999999899956, "I16547": 1.2596650697607856, "maud": 0.6700526888945717, "s255ir": 1.3276653692257696, "orion": 1.3434242325065497}