{"NGC6334I": [0.002369687194004655, 19.56815583356257], "G5.89": [0.0020644988398998976, 19.15587080013167], "IRAS16547": [0.0019507521064952016, 9.283274325274972], "G333": [0.002056265017017722, 18.410512124895526], "W33A": [0.0017960338154807687, 6.548294946945052], "I16562": [0.002353072864934802, 10.510717169051501], "G335": [0.0021833227947354317, 20.378854177206982], "G34.43": [0.002639893675222993, 9.205689863612143], "IRAS18162": [0.0017806871328502893, 6.867361474269863], "G351.77": [0.0037437290884554386, 20.240576180582018], "NGC6334IN": [0.0021419536788016558, 17.452679199811215], "G29.96": [0.0026674962136894464, 9.576853564203217], "G11": [0.0017597611295059323, 6.632903397464641], "IRAS18089": [0.002085670828819275, 18.44416797957257], "/orange/adamginsburg/salt/G351": [0.0006828127661719918, 6.0182504925676525], "/orange/adamginsburg/salt/I16547": [0.0006063765613362193, 23.215141225401332], "/orange/adamginsburg/salt/maud": [0.0010918023763224483, 9.995279321338948], "/orange/adamginsburg/salt/s255ir": [0.0015467962047483782, 46.85385850317498], "G351": [0.0006828127661719918, 6.0182504925676525], "I16547": [0.0006063765613362193, 23.215141225401332], "maud": [0.0010918023763224483, 9.995279321338948], "s255ir": [0.0015467962047483782, 46.85385850317498], "orion": [0.0032458105124533176, 83.46032187949011]}